Age,Total_Children,Total_Spending,Tenure_Days,Total_Store_Visits,Education,Marital_Status,Favorite_Category,Cluster
68,0,1551.5,971,25,Graduation,Single,Wines,0
71,2,27.0,125,6,Graduation,Single,Wines,1
60,0,776.0,472,21,Graduation,Together,Wines,0
41,1,53.0,65,8,Graduation,Together,MeatProducts,2
44,1,422.0,321,19,PhD,Married,Wines,2
58,1,716.0,453,22,Master,Together,Wines,0
54,1,590.0,753,21,Graduation,Divorced,Wines,0
40,1,169.0,488,10,PhD,Married,Wines,2
51,1,46.0,548,6,PhD,Together,MeatProducts,2
75,2,49.0,268,2,PhD,Together,Wines,1
42,1,19.0,386,4,Graduation,Married,MeatProducts,2
49,0,61.0,753,6,Basic,Married,Fruits,2
66,0,966.5,386,16,Graduation,Divorced,MeatProducts,0
73,2,310.0,386,15,Master,Divorced,Wines,1
38,0,46.0,787,5,Graduation,Married,MeatProducts,2
79,0,1315.0,742,26,PhD,Single,Wines,0
45,2,96.0,712,9,Graduation,Married,Wines,2
79,0,287.5,827,13,Graduation,Together,FishProducts,0
76,1,1732.5,618,26,Master,Married,Wines,0
40,1,133.0,1000,8,2n Cycle,Single,FishProducts,2
43,0,316.0,850,12,Graduation,Married,Wines,2
46,1,561.0,553,16,Graduation,Married,MeatProducts,2
76,1,972.0,713,17,PhD,Married,Wines,0
71,1,544.0,35,20,PhD,Married,Wines,1
74,1,444.0,628,19,Graduation,Together,Wines,0
56,0,75.0,673,8,Graduation,Single,MeatProducts,2
49,2,257.0,558,14,Graduation,Married,Wines,1
39,1,219.5,654,12,Graduation,Single,SweetProducts,2
36,1,131.0,554,9,Graduation,Married,MeatProducts,2
60,0,1408.0,379,26,PhD,Married,Wines,0
36,0,30.0,198,8,Master,Divorced,MeatProducts,2
62,0,318.0,396,11,Master,Together,Wines,2
55,1,120.0,787,9,Graduation,Together,Wines,2
73,2,302.0,768,17,PhD,Divorced,Wines,1
79,0,1196.0,654,18,Master,Married,Wines,0
74,2,65.0,464,6,Master,Single,Wines,1
55,1,913.0,340,28,PhD,Married,Wines,0
49,1,81.0,665,9,2n Cycle,Married,FishProducts,2
52,1,67.0,34,7,Graduation,Widow,Wines,2
82,0,862.5,703,24,PhD,Divorced,Wines,0
45,1,1298.0,586,21,Graduation,Married,MeatProducts,0
40,1,53.0,368,7,Master,Married,MeatProducts,2
68,1,22.0,712,4,Graduation,Together,Wines,1
66,0,186.0,574,9,PhD,Single,Wines,2
50,1,31.0,664,8,Master,Married,MeatProducts,2
49,0,747.0,161,16,Graduation,Single,MeatProducts,0
29,0,122.0,816,10,2n Cycle,Married,SweetProducts,2
57,1,55.0,561,5,Graduation,Together,MeatProducts,2
74,3,124.0,339,10,Graduation,Single,Wines,1
71,2,1319.0,847,25,PhD,Married,Wines,0
68,1,507.0,1,17,Graduation,Widow,Wines,1
61,0,1383.0,758,29,Master,Married,Wines,0
48,1,72.0,673,7,Graduation,Single,FishProducts,2
48,0,1428.0,153,21,Graduation,Divorced,MeatProducts,0
47,2,606.0,365,22,Graduation,Married,Wines,1
70,0,1795.0,747,27,Master,Together,Wines,0
59,0,1053.5,670,21,Graduation,Divorced,MeatProducts,0
37,1,29.0,222,6,Graduation,Single,Wines,2
43,1,46.0,537,7,Graduation,Single,MeatProducts,2
57,1,518.0,278,19,PhD,Married,Wines,1
43,0,1438.0,608,21,Master,Single,Wines,0
50,2,612.0,880,22,Graduation,Together,Wines,0
73,1,841.5,656,24,Graduation,Single,Wines,0
74,1,606.0,395,19,PhD,Widow,Wines,1
77,0,1035.0,542,16,Graduation,Together,Wines,0
54,1,34.0,564,5,Graduation,Married,MeatProducts,2
58,2,11.0,31,4,Graduation,Together,Wines,1
46,1,1193.5,262,32,2n Cycle,Single,Wines,0
67,1,652.0,435,18,Graduation,Together,Wines,0
55,3,1562.0,489,18,Graduation,Together,Wines,1
71,0,1184.5,757,21,Master,Married,Wines,0
52,1,109.0,813,9,2n Cycle,Married,MeatProducts,2
66,1,837.0,629,30,Graduation,Married,MeatProducts,0
50,2,661.0,581,24,PhD,Married,Wines,1
73,0,65.0,220,8,Graduation,Married,SweetProducts,2
48,1,13.0,717,4,Graduation,Divorced,MeatProducts,2
53,0,1491.0,831,19,Master,Married,Wines,0
49,0,1921.5,726,22,Graduation,Single,Wines,0
49,0,18.0,606,4,2n Cycle,Together,MeatProducts,2
60,0,692.0,673,21,Graduation,Together,Wines,0
40,1,165.0,829,12,Graduation,Single,MeatProducts,2
56,1,16.0,531,4,Graduation,Married,MeatProducts,2
52,1,79.0,639,9,2n Cycle,Married,Wines,2
62,0,318.0,396,11,Master,Together,Wines,2
38,0,778.0,284,27,Graduation,Divorced,MeatProducts,0
65,2,56.0,393,7,Graduation,Married,Wines,1
55,2,151.0,508,13,Master,Married,Wines,1
68,1,372.0,192,17,Graduation,Single,Wines,1
52,0,1283.5,1,19,Graduation,Married,MeatProducts,0
58,1,194.0,319,10,Graduation,Together,Wines,1
68,3,603.0,747,23,PhD,Married,Wines,1
68,2,18.0,193,4,Graduation,Single,MeatProducts,1
52,0,985.0,378,15,Master,Together,Wines,0
53,1,32.0,258,5,Master,Single,Wines,2
55,1,43.0,196,10,PhD,Married,Wines,1
42,1,45.0,198,6,Graduation,Married,FishProducts,2
65,1,606.0,744,22,Graduation,Widow,Wines,0
53,2,63.0,397,7,Graduation,Divorced,Wines,1
74,0,881.5,693,25,2n Cycle,Married,MeatProducts,0
42,0,410.0,534,16,PhD,Married,Wines,2
65,1,72.0,501,7,2n Cycle,Single,Wines,1
66,1,55.0,251,7,PhD,Single,Wines,1
46,1,962.5,595,27,Graduation,Together,Wines,0
80,0,1120.0,568,16,PhD,Married,Wines,0
66,0,963.0,123,19,Graduation,Married,MeatProducts,0
46,1,29.0,420,5,Basic,Together,FishProducts,2
61,2,187.0,438,13,Graduation,Married,Wines,1
56,2,868.0,672,26,Graduation,Married,Wines,0
47,1,145.0,717,9,Graduation,Single,Wines,2
65,0,737.0,877,14,Master,Married,Wines,0
46,1,935.0,663,24,Graduation,Together,Wines,0
34,0,1713.0,786,17,PhD,Single,Wines,0
62,1,608.0,164,20,Master,Together,Wines,1
34,0,730.0,673,25,Graduation,Single,Wines,0
45,1,551.0,724,21,PhD,Married,Wines,0
63,2,114.0,423,8,Graduation,Single,Wines,1
55,0,1418.5,316,15,Graduation,Married,MeatProducts,0
47,1,543.5,655,20,2n Cycle,Married,FishProducts,0
58,2,81.0,394,7,2n Cycle,Together,MeatProducts,1
56,1,33.0,387,7,Graduation,Together,FishProducts,2
72,1,660.0,534,22,Master,Together,Wines,0
58,1,80.0,285,9,Master,Single,Wines,1
40,2,30.0,606,6,Master,Married,Wines,2
49,1,43.0,593,5,Graduation,Divorced,Wines,2
42,0,1093.5,368,27,Graduation,Single,Wines,0
60,0,513.5,656,16,2n Cycle,Together,Wines,0
41,0,1334.0,594,16,Graduation,Single,MeatProducts,0
72,2,90.0,122,8,Master,Married,Wines,1
64,1,404.0,394,17,PhD,Married,Wines,1
69,2,661.0,62,23,PhD,Together,Wines,1
73,1,455.0,432,19,Graduation,Married,Wines,1
67,2,632.0,429,23,Master,Alone,Wines,1
56,0,696.5,65,19,Graduation,Married,Wines,0
62,1,725.0,393,19,Graduation,Married,Wines,0
61,2,279.0,479,16,PhD,Married,Wines,1
58,0,1448.0,629,23,PhD,Together,Wines,0
49,1,29.0,850,6,Basic,Divorced,FishProducts,2
66,3,106.0,517,9,PhD,Married,Wines,1
52,2,49.0,201,6,PhD,Alone,Wines,1
60,2,38.0,496,7,PhD,Divorced,Wines,1
33,0,1712.0,778,22,Master,Single,Wines,0
49,1,1053.0,387,17,Master,Together,Wines,0
63,0,1185.0,596,23,Graduation,Married,MeatProducts,0
51,1,871.0,465,25,PhD,Single,Wines,0
37,1,312.0,627,12,Graduation,Together,FishProducts,2
49,2,877.0,779,15,Graduation,Married,Wines,1
50,1,68.0,769,6,Graduation,Married,FishProducts,2
44,1,22.0,465,4,Graduation,Together,MeatProducts,2
52,3,211.0,836,15,2n Cycle,Married,MeatProducts,1
59,0,127.0,168,8,Master,Married,Wines,2
72,2,459.0,226,16,Master,Married,Wines,1
56,1,460.0,156,19,Graduation,Married,Wines,1
53,1,429.0,722,17,2n Cycle,Together,Wines,0
37,1,89.0,1,11,Graduation,Alone,MeatProducts,2
73,1,1021.0,817,26,PhD,Together,Wines,0
76,0,1381.0,655,21,Graduation,Together,Wines,0
67,1,306.0,486,15,Graduation,Single,Wines,1
47,3,18.0,362,4,Graduation,Single,Wines,1
48,1,162.0,415,9,Graduation,Together,MeatProducts,2
70,0,1192.5,473,18,Graduation,Single,Wines,0
67,3,13.0,698,4,Master,Single,Wines,1
80,0,1582.0,939,27,PhD,Married,Wines,0
41,1,121.0,219,11,Graduation,Married,Wines,2
50,0,1293.0,700,20,PhD,Divorced,Wines,0
52,1,582.0,337,16,PhD,Married,MeatProducts,2
59,3,88.0,388,9,Graduation,Together,MeatProducts,1
72,0,407.5,383,18,Graduation,Divorced,Wines,0
66,0,259.0,465,12,Graduation,Divorced,Wines,2
37,0,983.5,663,15,Graduation,Single,MeatProducts,0
68,2,89.0,284,9,Graduation,Together,MeatProducts,1
60,2,36.0,229,6,Graduation,Together,MeatProducts,1
43,1,57.0,511,7,Graduation,Married,Wines,2
55,2,148.0,229,8,Graduation,Married,Wines,1
66,2,93.0,310,8,PhD,Together,Wines,1
58,1,119.0,246,7,Graduation,Single,Wines,1
50,1,1835.0,727,28,PhD,Married,Wines,0
77,0,1310.0,720,25,PhD,Married,Wines,0
55,2,45.0,197,7,PhD,Married,Wines,1
66,3,10.0,165,4,Graduation,Together,MeatProducts,1
74,0,881.5,693,25,2n Cycle,Married,MeatProducts,0
49,1,191.0,31,10,PhD,Married,Wines,2
37,1,57.0,62,9,2n Cycle,Married,Wines,2
79,0,1018.5,434,24,Master,Married,Wines,0
41,1,66.0,318,6,Master,Married,Wines,2
64,0,43.0,174,6,Basic,Married,SweetProducts,2
42,1,50.0,938,5,Graduation,Married,MeatProducts,2
55,1,39.0,125,7,PhD,Single,Wines,1
59,1,608.0,666,18,Graduation,Married,Wines,0
49,0,1561.5,627,24,Graduation,Married,Wines,0
61,2,68.0,651,7,PhD,Married,Wines,1
47,1,80.0,818,5,Basic,Together,FishProducts,2
36,0,1223.5,568,28,PhD,Together,Wines,0
93,1,65.0,436,6,2n Cycle,Divorced,Wines,1
37,1,91.0,555,8,Graduation,Married,Wines,2
52,2,315.0,656,16,Graduation,Married,Wines,1
48,2,31.0,342,6,Graduation,Married,Wines,1
45,0,834.0,207,23,Master,Married,Wines,0
71,0,1251.0,443,17,Graduation,Married,MeatProducts,0
71,0,1116.5,688,17,Graduation,Married,MeatProducts,0
52,2,263.0,250,15,PhD,Single,Wines,1
73,1,535.0,160,19,Graduation,Divorced,Wines,1
57,0,1134.5,450,18,Graduation,Single,MeatProducts,0
47,1,1144.0,418,29,Graduation,Divorced,Wines,0
48,0,1145.0,1029,26,PhD,Together,Wines,0
60,2,38.0,507,6,PhD,Single,Wines,1
41,0,35.0,786,4,Master,Single,FishProducts,2
37,1,53.0,481,5,Graduation,Together,MeatProducts,2
62,2,293.0,572,17,Master,Divorced,MeatProducts,1
59,1,65.0,122,6,Graduation,Married,Wines,1
71,1,1738.5,788,29,Graduation,Divorced,Wines,0
69,1,241.0,615,15,Graduation,Together,Wines,1
71,0,1080.0,263,20,Graduation,Together,Wines,0
57,2,264.0,940,17,PhD,Married,Wines,1
51,2,541.0,684,22,Master,Together,Wines,1
40,0,1058.5,610,17,Graduation,Married,MeatProducts,0
48,1,482.0,336,20,Graduation,Married,Wines,0
47,3,17.0,1,4,2n Cycle,Single,Wines,1
77,0,1615.0,386,25,Master,Married,Wines,0
71,1,285.0,462,12,Master,Widow,Wines,1
45,1,1135.0,752,28,Graduation,Together,Wines,0
37,1,114.0,32,7,2n Cycle,Together,Wines,2
56,0,1047.0,387,16,Graduation,Married,MeatProducts,0
55,2,714.0,236,22,PhD,Together,Wines,1
45,1,185.0,584,13,PhD,Married,Wines,2
63,1,1245.0,849,32,Graduation,Divorced,Wines,0
47,1,189.0,620,12,Graduation,Together,Wines,2
49,1,520.5,772,16,Graduation,Together,Wines,2
73,1,1103.0,815,18,Graduation,Divorced,Wines,0
53,0,1564.0,850,17,PhD,Married,Wines,0
39,1,17.0,293,4,PhD,Together,MeatProducts,2
59,2,433.0,626,20,Graduation,Single,Wines,1
63,1,1471.5,584,14,2n Cycle,Divorced,Wines,0
54,1,22.0,570,4,Graduation,Together,MeatProducts,2
74,0,19.0,234,5,Graduation,Single,FishProducts,2
60,1,1117.0,623,29,PhD,Married,Wines,0
50,1,69.0,450,8,2n Cycle,Married,MeatProducts,2
43,1,23.0,603,5,Master,Together,Wines,2
67,1,605.0,605,19,PhD,Single,Wines,0
52,1,57.0,345,11,Graduation,Single,FishProducts,2
93,1,22.0,203,4,2n Cycle,Single,Wines,1
57,0,1739.5,404,22,Graduation,Widow,Wines,0
67,1,933.0,713,16,Graduation,Together,Wines,0
54,1,26.0,493,5,Graduation,Single,Wines,2
35,0,1403.0,373,22,Graduation,Married,Wines,0
67,1,1076.5,841,30,Graduation,Married,Wines,0
61,2,17.0,214,6,PhD,Married,Wines,1
53,1,1690.0,565,16,Graduation,Married,Wines,0
72,1,1377.5,461,21,Graduation,Married,Wines,0
37,0,1786.0,827,20,PhD,Married,Wines,0
56,1,1431.5,768,25,Master,Together,Wines,0
50,1,64.0,446,7,Master,Single,MeatProducts,2
40,1,26.0,405,6,Graduation,Single,MeatProducts,2
51,0,932.5,581,29,Graduation,Divorced,MeatProducts,0
67,0,210.0,805,11,2n Cycle,Together,MeatProducts,2
58,2,1148.0,829,26,Graduation,Together,Wines,0
51,1,33.0,784,6,PhD,Single,Wines,2
64,1,1101.0,781,19,PhD,Together,Wines,0
61,1,322.0,775,16,Graduation,Single,Wines,1
61,2,44.0,609,10,Graduation,Single,Wines,1
68,3,17.0,481,4,PhD,Single,Wines,1
46,1,31.0,787,6,Graduation,Divorced,MeatProducts,2
57,2,845.0,563,25,PhD,Divorced,Wines,0
55,1,275.0,172,15,Master,Married,Wines,1
47,1,25.0,743,4,PhD,Married,Wines,2
73,2,275.0,644,17,Master,Together,Wines,1
59,2,90.0,632,11,Master,Married,Wines,1
62,0,1290.0,163,19,Graduation,Married,Wines,0
55,2,184.0,782,11,PhD,Married,Wines,1
55,0,871.5,535,13,Graduation,Married,MeatProducts,0
55,1,67.0,605,8,Graduation,Together,MeatProducts,2
72,0,1615.5,805,14,Graduation,Single,Wines,0
42,1,60.0,261,10,Master,Single,MeatProducts,2
50,1,231.0,248,12,PhD,Together,Wines,2
65,2,48.0,185,10,Graduation,Married,MeatProducts,1
62,2,99.0,552,9,Graduation,Divorced,MeatProducts,1
62,1,770.0,446,23,PhD,Together,Wines,0
69,0,829.5,688,23,Graduation,Single,MeatProducts,0
44,0,702.5,220,12,Master,Together,MeatProducts,2
39,0,876.0,670,17,PhD,Single,MeatProducts,0
57,1,903.5,594,22,Master,Divorced,Wines,0
44,1,102.0,399,10,Basic,Married,FishProducts,2
49,1,520.5,772,16,Graduation,Together,Wines,2
79,0,287.5,827,13,Graduation,Together,FishProducts,0
51,1,461.0,337,15,PhD,Together,Wines,1
50,2,37.0,233,7,Master,Married,Wines,1
51,1,70.0,364,7,Graduation,Married,MeatProducts,2
73,0,883.5,676,23,Graduation,Together,Wines,0
69,2,817.5,492,26,Master,Together,Wines,1
59,0,1261.5,1,21,Graduation,Widow,MeatProducts,0
76,0,390.0,541,16,Master,Divorced,Wines,0
41,0,52.0,608,5,2n Cycle,Together,Wines,2
56,1,137.0,344,10,Graduation,Together,MeatProducts,2
45,0,1682.0,766,19,Graduation,Married,Wines,0
54,2,68.0,325,9,Graduation,Together,MeatProducts,1
60,2,25.0,368,4,Graduation,Together,Wines,1
73,1,1358.0,835,23,Master,Together,Wines,0
37,1,32.0,521,5,2n Cycle,Divorced,MeatProducts,2
39,1,100.0,692,7,Master,Together,Wines,2
43,0,825.0,370,12,Graduation,Single,Wines,2
60,1,916.0,264,28,PhD,Divorced,Wines,0
67,2,62.0,234,11,Graduation,Divorced,Wines,1
69,1,728.0,361,21,2n Cycle,Together,Wines,0
47,1,90.0,337,7,PhD,Married,MeatProducts,2
37,1,273.0,237,13,Graduation,Single,MeatProducts,2
41,1,66.0,344,10,Graduation,Together,MeatProducts,2
64,0,982.5,618,23,Master,Married,Wines,0
59,0,107.0,809,7,Graduation,Widow,Fruits,2
78,0,1157.0,217,18,Graduation,Single,Wines,0
61,1,546.0,423,18,Master,Married,Wines,1
33,0,241.0,588,11,Master,Together,Wines,2
49,1,53.0,322,11,Graduation,Divorced,MeatProducts,2
58,3,37.0,404,7,Graduation,Married,Wines,1
36,0,1554.0,640,24,Graduation,Married,Wines,0
49,0,1503.0,552,23,Master,Single,Wines,0
59,2,235.0,354,16,Graduation,Married,Wines,1
69,2,32.0,33,7,Master,Together,Wines,1
53,2,102.0,495,8,Graduation,Married,Wines,1
40,1,401.0,844,15,Graduation,Single,MeatProducts,2
74,2,28.0,508,6,Graduation,Married,Wines,1
55,3,1052.0,470,21,Graduation,Single,Wines,1
54,1,680.0,688,21,Graduation,Married,Wines,0
51,1,30.0,698,4,Graduation,Married,MeatProducts,2
60,2,20.0,95,4,PhD,Divorced,Wines,1
64,1,1307.0,522,23,PhD,Divorced,Wines,0
72,1,630.0,400,24,Graduation,Single,Wines,0
68,0,1283.0,578,18,Graduation,Married,Wines,0
49,1,65.0,667,9,PhD,Divorced,MeatProducts,2
41,1,37.0,513,5,Graduation,Married,Wines,2
75,3,38.0,457,5,PhD,Married,Wines,1
39,1,160.0,661,12,PhD,Single,Wines,2
42,1,23.0,599,4,Graduation,Single,Wines,2
36,0,71.0,392,6,PhD,Single,Wines,2
69,1,1161.0,642,19,PhD,Married,Wines,0
54,1,59.0,431,5,Master,Married,Wines,2
42,1,33.0,524,7,Graduation,Together,Wines,2
65,2,903.0,727,22,Graduation,Divorced,Wines,0
57,0,1354.0,907,22,Graduation,Divorced,Wines,0
53,1,62.0,725,5,Graduation,Married,MeatProducts,2
60,0,1660.0,643,22,Graduation,Together,Wines,0
93,0,1686.5,436,15,PhD,Together,Wines,0
37,0,1225.0,789,21,Graduation,Single,MeatProducts,0
39,0,139.0,512,8,Graduation,Divorced,MeatProducts,2
56,1,1182.0,743,20,PhD,Married,Wines,0
75,1,507.0,541,18,PhD,Together,Wines,1
52,1,18.0,478,4,Basic,Together,MeatProducts,2
73,0,770.0,421,16,Graduation,Divorced,Wines,0
60,2,42.0,531,6,Graduation,Married,Wines,1
55,0,967.5,173,15,Graduation,Divorced,MeatProducts,0
54,2,44.0,711,8,Graduation,Widow,Wines,1
49,1,16.0,280,4,Master,Married,Wines,2
68,1,835.0,354,26,Graduation,Married,Wines,0
39,1,1417.0,431,22,Graduation,Married,Wines,0
59,0,1029.0,404,18,PhD,Single,MeatProducts,0
51,0,1178.0,770,18,Graduation,Married,Wines,0
49,1,1277.0,714,24,PhD,Single,Wines,0
47,2,49.0,372,7,Graduation,Single,Wines,1
70,1,99.0,396,7,Graduation,Married,Wines,1
56,0,1394.0,724,15,PhD,Married,Wines,0
82,0,900.0,473,14,Master,Married,Wines,0
77,2,425.0,483,16,PhD,Together,Wines,1
68,0,1635.5,799,22,Graduation,Married,Wines,0
56,1,636.0,259,21,PhD,Widow,Wines,0
47,2,57.0,285,10,Graduation,Married,Wines,1
47,1,25.0,743,4,PhD,Married,Wines,2
58,2,494.0,708,21,Graduation,Married,Wines,1
56,1,677.5,837,19,Graduation,Single,Wines,0
65,0,1080.5,568,26,Graduation,Married,MeatProducts,0
49,1,51.0,630,7,Graduation,Divorced,MeatProducts,2
63,0,1743.0,749,16,Graduation,Together,Wines,0
50,1,990.0,1059,16,PhD,Single,Wines,0
41,1,30.0,228,5,2n Cycle,Married,Wines,2
50,2,254.0,769,16,Graduation,Married,Wines,1
55,1,29.0,464,5,Master,Single,Wines,2
59,1,1371.0,755,23,Graduation,Single,Wines,0
53,2,73.0,532,9,PhD,Single,Wines,1
50,2,120.0,840,11,Master,Single,Wines,1
55,0,81.0,628,5,Graduation,Single,MeatProducts,2
36,1,37.0,706,5,Graduation,Single,MeatProducts,2
64,1,1346.5,664,20,PhD,Together,Wines,0
56,1,51.0,540,5,Graduation,Single,MeatProducts,2
56,2,17.0,492,4,PhD,Married,Wines,1
40,1,22.0,387,4,Graduation,Married,Fruits,2
71,0,324.0,724,14,Graduation,Widow,MeatProducts,0
52,3,211.0,836,15,2n Cycle,Married,MeatProducts,1
44,1,19.0,251,4,Master,Single,Wines,2
54,1,41.0,570,8,Graduation,Single,Fruits,2
57,1,492.0,416,17,Master,Together,Wines,1
65,1,972.5,940,26,Graduation,Together,Wines,0
76,1,114.0,828,7,Graduation,Together,Wines,1
57,2,1173.0,488,19,PhD,Divorced,Wines,0
46,0,1402.0,280,19,Graduation,Together,Wines,0
46,1,222.0,450,12,Master,Together,Wines,2
32,0,1046.0,245,16,Graduation,Single,Wines,0
79,0,209.0,597,10,PhD,Married,Wines,1
57,1,787.0,284,23,Master,Married,Wines,0
34,0,1598.0,544,24,PhD,Together,Wines,0
54,2,186.0,812,12,Graduation,Married,Wines,1
41,1,47.0,827,6,Graduation,Together,MeatProducts,2
38,1,27.0,712,5,Graduation,Single,FishProducts,2
45,1,96.0,816,11,2n Cycle,Together,SweetProducts,2
69,2,64.0,623,10,2n Cycle,Divorced,MeatProducts,1
60,0,999.5,800,23,Graduation,Together,Wines,0
51,2,163.0,478,13,Graduation,Single,Wines,1
65,0,343.0,398,11,Graduation,Together,MeatProducts,2
70,3,446.0,410,21,PhD,Single,Wines,1
60,2,41.0,91,5,Graduation,Married,Wines,1
53,1,70.0,828,9,PhD,Single,MeatProducts,2
54,2,272.0,190,14,PhD,Divorced,Wines,1
51,1,46.0,548,6,PhD,Together,MeatProducts,2
62,2,490.0,780,19,Graduation,Married,Wines,1
43,1,79.0,749,8,2n Cycle,Single,Fruits,2
49,1,846.0,816,17,Graduation,Married,Wines,0
70,1,1485.0,616,35,PhD,Married,Wines,0
38,1,369.0,836,16,Graduation,Single,FishProducts,2
63,1,1073.0,682,19,Graduation,Together,Wines,0
82,0,1171.5,250,19,PhD,Married,MeatProducts,0
50,1,78.0,381,9,2n Cycle,Together,FishProducts,2
31,0,1378.0,295,21,Graduation,Together,Wines,0
44,0,1326.5,652,26,Graduation,Single,Wines,0
54,2,751.0,582,26,Master,Married,Wines,0
52,1,48.0,184,7,PhD,Married,Wines,2
42,1,45.0,198,6,Graduation,Married,FishProducts,2
43,1,10.0,214,4,Master,Together,Wines,2
51,0,1425.0,609,16,Master,Married,Wines,0
84,0,1899.0,602,22,PhD,Married,Wines,0
72,3,20.0,603,4,Graduation,Married,Wines,1
39,0,1422.5,226,27,Graduation,Married,MeatProducts,0
36,1,1188.0,216,19,Graduation,Married,Wines,0
36,1,43.0,245,7,2n Cycle,Together,MeatProducts,2
57,1,871.5,590,24,Graduation,Married,Wines,0
64,0,1665.0,457,16,PhD,Single,Wines,0
36,1,619.5,768,21,Graduation,Married,Wines,0
58,2,1039.5,682,30,2n Cycle,Together,Wines,0
61,1,1068.0,376,25,Graduation,Married,Wines,0
55,1,57.0,307,7,Graduation,Single,Wines,2
69,1,46.0,533,5,Master,Together,Wines,1
59,1,733.0,350,23,Graduation,Divorced,Wines,0
76,1,467.0,515,17,Master,Widow,Wines,1
54,1,122.0,471,10,PhD,Married,Wines,2
39,1,36.0,522,7,2n Cycle,Married,Fruits,2
36,1,34.0,608,5,Graduation,Married,MeatProducts,2
77,1,156.0,351,10,PhD,Married,Wines,1
79,0,14.0,546,4,Graduation,Married,FishProducts,2
36,1,37.0,706,5,Graduation,Single,MeatProducts,2
51,0,34.0,264,5,2n Cycle,Married,FishProducts,2
66,0,20.0,511,4,Graduation,Divorced,SweetProducts,2
53,1,192.0,452,11,Master,Divorced,Wines,2
61,0,1195.0,342,17,Graduation,Single,MeatProducts,0
49,1,48.0,456,7,Graduation,Married,Wines,2
72,1,428.0,349,16,PhD,Married,Wines,1
70,1,868.0,669,27,Graduation,Single,Wines,0
56,1,1001.0,658,27,Graduation,Married,Wines,0
54,1,59.0,415,7,Master,Single,MeatProducts,2
45,2,431.0,693,16,2n Cycle,Married,Wines,1
49,1,971.0,880,27,Graduation,Married,Wines,0
53,3,348.0,838,18,Graduation,Married,Wines,1
59,0,1451.5,812,24,2n Cycle,Single,Wines,0
41,1,265.0,701,14,Master,Married,Wines,2
73,1,270.0,195,13,Graduation,Married,Wines,1
43,0,1159.5,802,19,2n Cycle,Together,MeatProducts,0
61,1,893.0,339,16,Graduation,Married,Wines,0
76,0,737.5,440,22,Graduation,Widow,MeatProducts,0
67,1,135.0,312,9,PhD,Widow,Wines,1
62,0,1290.0,163,19,Graduation,Married,Wines,0
50,1,120.0,285,9,Graduation,Married,MeatProducts,2
56,0,1288.0,278,20,PhD,Single,Wines,0
70,0,1729.0,592,17,PhD,Together,Wines,0
55,1,15.0,766,4,Graduation,Widow,MeatProducts,2
74,2,542.0,186,20,Graduation,Married,Wines,1
54,1,890.0,843,25,PhD,Together,Wines,0
50,1,1277.0,619,33,Graduation,Married,Wines,0
45,1,17.0,422,4,Graduation,Married,MeatProducts,2
44,1,906.0,972,29,PhD,Together,Wines,0
47,2,44.0,673,6,Graduation,Married,Wines,2
37,1,25.0,202,5,Graduation,Single,MeatProducts,2
69,1,973.0,656,26,Graduation,Married,Wines,0
53,2,31.0,92,6,PhD,Single,Wines,1
48,1,518.0,197,17,Master,Married,Wines,2
53,1,530.0,774,19,PhD,Married,Wines,0
48,1,506.0,766,20,Graduation,Married,Wines,0
52,1,70.0,341,6,Master,Married,Wines,2
53,1,54.0,393,6,Master,Divorced,Wines,2
51,1,296.0,839,12,Graduation,Single,Wines,2
50,1,266.0,402,15,Graduation,Married,Wines,2
65,0,747.0,787,19,Master,Together,Wines,0
61,0,846.5,813,29,PhD,Divorced,Wines,0
49,1,1053.0,387,17,Master,Together,Wines,0
51,1,735.0,528,21,Graduation,Married,Wines,0
56,1,20.0,314,5,Graduation,Married,Wines,2
73,0,205.0,769,10,2n Cycle,Widow,MeatProducts,2
67,1,2046.5,803,21,PhD,Together,Wines,0
49,1,309.0,999,14,Graduation,Divorced,Wines,2
70,0,1602.5,652,22,Graduation,Together,Wines,0
61,1,896.5,370,15,Master,Single,Wines,0
81,0,682.0,374,20,PhD,Divorced,Wines,0
63,1,663.0,602,22,Master,Divorced,Wines,0
47,1,43.0,216,6,Graduation,Divorced,Wines,2
54,1,1645.0,594,18,PhD,Together,Wines,0
76,1,976.0,198,27,PhD,Together,Wines,0
81,0,746.0,642,21,Graduation,Married,Wines,0
75,2,64.0,911,6,Graduation,Together,MeatProducts,1
64,1,32.0,386,5,Master,Together,Wines,1
35,0,263.0,707,9,Basic,Married,SweetProducts,2
40,1,1418.5,834,21,PhD,Married,Wines,0
69,1,46.0,533,5,Master,Together,Wines,1
72,0,1210.0,878,28,Graduation,Widow,Wines,0
49,1,864.0,662,24,Graduation,Married,MeatProducts,0
36,0,1131.5,505,22,Graduation,Single,Wines,0
33,0,137.0,533,8,Graduation,Married,MeatProducts,2
66,1,673.0,720,25,Graduation,Divorced,Wines,0
44,1,216.0,560,12,PhD,Together,Wines,2
46,1,941.0,618,23,Graduation,Single,Wines,0
61,2,347.0,412,16,Graduation,Married,Wines,1
66,0,1865.0,264,19,Master,Together,Wines,0
79,1,397.0,396,17,PhD,Together,Wines,1
50,0,1969.0,601,22,Master,Single,Wines,0
64,2,138.0,644,11,Graduation,Married,Wines,1
35,1,42.0,524,5,Graduation,Single,Wines,2
66,0,777.0,470,17,Graduation,Together,MeatProducts,0
81,0,1735.0,337,20,Master,Married,Wines,0
60,2,52.0,313,7,Graduation,Divorced,Wines,1
38,0,1602.5,337,13,Master,Single,Wines,0
34,0,358.0,477,13,Graduation,Married,Wines,2
72,0,1573.0,797,16,Graduation,Married,Wines,0
38,1,210.0,849,10,Graduation,Married,MeatProducts,2
39,1,42.0,968,5,Graduation,Married,MeatProducts,2
67,0,1291.0,374,20,PhD,Together,Wines,0
48,0,442.0,122,15,Master,Married,MeatProducts,2
61,0,1717.5,728,17,Graduation,Single,Wines,0
65,2,411.0,635,19,PhD,Married,Wines,1
50,1,521.0,659,19,2n Cycle,Widow,Wines,0
56,1,1161.5,444,17,Graduation,Single,Wines,0
48,2,493.0,171,22,Master,Together,Wines,1
63,2,260.0,591,12,Graduation,Married,Wines,1
43,1,46.0,537,7,Graduation,Single,MeatProducts,2
74,1,319.0,397,16,Master,Together,Wines,1
58,1,96.0,322,7,Graduation,Together,Wines,1
58,0,992.0,294,16,Graduation,Divorced,Wines,0
73,1,232.0,485,12,2n Cycle,Together,Wines,1
44,1,76.0,348,9,Master,Single,Wines,2
48,1,54.0,513,9,2n Cycle,Together,FishProducts,2
56,1,201.0,911,11,Graduation,Widow,MeatProducts,2
41,1,406.0,738,14,PhD,Single,Wines,2
43,0,1666.0,516,20,PhD,Married,Wines,0
49,1,635.0,609,20,Graduation,Together,MeatProducts,0
35,1,41.0,125,8,2n Cycle,Married,MeatProducts,2
61,0,1205.0,158,14,Graduation,Widow,MeatProducts,0
45,1,134.0,634,8,Graduation,Married,MeatProducts,2
57,2,69.0,314,10,Graduation,Married,MeatProducts,1
52,2,21.0,252,6,Master,Married,Wines,1
62,2,54.0,250,7,2n Cycle,Single,Wines,1
36,1,91.0,124,8,Graduation,Single,MeatProducts,2
54,1,526.0,157,18,PhD,Single,Wines,1
62,0,162.0,597,8,Graduation,Married,MeatProducts,2
76,0,966.0,543,25,Master,Married,MeatProducts,0
73,2,240.0,727,16,Graduation,Together,MeatProducts,1
47,1,791.0,702,21,PhD,Single,Wines,0
43,0,1415.0,581,19,Graduation,Married,Wines,0
55,0,64.0,638,8,2n Cycle,Married,FishProducts,2
66,1,1690.0,563,20,Graduation,Together,Wines,0
47,1,78.0,453,7,Graduation,Married,Wines,2
45,0,1063.0,538,19,Graduation,Single,MeatProducts,0
54,1,779.5,529,26,Master,Together,Wines,0
55,1,753.5,325,26,2n Cycle,Married,MeatProducts,0
62,1,331.0,574,15,PhD,Divorced,Wines,1
75,1,265.0,153,12,PhD,Together,Wines,1
63,1,1065.0,938,19,Graduation,Single,Wines,0
74,2,11.0,515,4,Master,Together,Wines,1
46,1,21.0,578,4,Graduation,Single,Wines,2
55,2,17.0,877,4,Graduation,Together,Wines,1
51,1,369.0,727,16,Graduation,Married,MeatProducts,2
57,2,38.0,313,6,PhD,Married,Wines,1
47,1,177.0,449,11,2n Cycle,Single,Wines,2
55,1,279.0,697,12,PhD,Together,Wines,2
44,1,62.0,664,7,Master,Married,Wines,2
48,1,1230.0,674,21,PhD,Married,Wines,0
57,2,182.0,336,11,Graduation,Married,Wines,1
55,2,49.0,470,10,Graduation,Married,MeatProducts,1
59,2,75.0,446,8,PhD,Together,Wines,1
69,2,227.0,455,16,Master,Together,Wines,1
51,2,215.0,786,15,PhD,Married,Wines,1
74,1,444.0,628,19,Graduation,Together,Wines,0
58,2,47.0,412,5,2n Cycle,Together,MeatProducts,1
74,0,143.0,600,7,Master,Married,Wines,2
42,1,55.0,277,7,Graduation,Together,Wines,2
54,2,63.0,232,11,2n Cycle,Together,Wines,1
70,0,1769.5,804,21,Graduation,Widow,Wines,0
64,1,611.0,448,20,Master,Married,Wines,0
70,1,473.0,203,18,Graduation,Together,Wines,1
66,0,55.0,473,6,Graduation,Together,Fruits,2
41,1,81.0,726,7,PhD,Single,MeatProducts,2
50,0,1661.0,724,20,Master,Married,Wines,0
60,0,1257.0,421,20,Master,Single,MeatProducts,0
48,1,49.0,310,5,Graduation,Together,Wines,2
53,0,382.0,392,15,PhD,Married,MeatProducts,2
50,1,69.0,443,9,Master,Together,MeatProducts,2
56,1,67.0,771,6,Graduation,Divorced,MeatProducts,2
56,2,30.0,413,6,Master,Married,Wines,1
47,1,63.0,609,9,2n Cycle,Married,MeatProducts,2
44,1,79.0,841,10,Graduation,Together,Wines,2
64,1,42.0,653,5,Graduation,Single,Wines,2
65,1,819.0,827,23,Graduation,Together,Wines,0
70,0,1151.0,445,17,Graduation,Single,MeatProducts,0
77,2,594.0,815,20,PhD,Married,Wines,1
59,2,129.0,679,11,Master,Together,Wines,1
39,1,213.0,707,12,Master,Single,Wines,2
52,1,67.0,34,7,Graduation,Widow,Wines,2
69,3,28.0,398,5,Graduation,Divorced,MeatProducts,1
50,1,45.0,771,6,Basic,Married,FishProducts,2
60,0,1130.5,154,18,Graduation,Married,MeatProducts,0
56,0,268.0,474,12,Master,Single,Wines,2
81,0,266.0,506,12,Master,Widow,Wines,1
52,1,37.0,754,5,Basic,Married,Fruits,2
58,3,37.0,404,7,Graduation,Married,Wines,1
56,0,872.0,816,25,PhD,Single,Wines,0
51,2,373.0,498,18,Graduation,Married,Wines,1
60,3,35.0,549,6,Master,Single,Wines,1
49,2,107.0,640,1,PhD,Together,Wines,1
47,2,42.0,628,5,Graduation,Widow,MeatProducts,2
65,1,326.0,841,17,Master,Married,Wines,1
64,1,404.0,394,17,PhD,Married,Wines,1
54,0,95.0,510,6,Graduation,Single,Wines,2
76,0,939.0,64,14,Graduation,Widow,Wines,0
47,1,33.0,343,5,2n Cycle,Single,MeatProducts,2
70,0,981.0,640,21,2n Cycle,Married,Wines,0
49,1,36.0,685,7,Graduation,Married,MeatProducts,2
50,1,1063.0,640,20,Graduation,Single,MeatProducts,0
65,1,1765.0,806,32,Graduation,Together,Wines,0
48,2,103.0,910,9,PhD,Divorced,MeatProducts,2
48,1,191.0,718,12,Graduation,Single,MeatProducts,2
55,1,1560.0,382,25,PhD,Married,Wines,0
67,0,963.0,176,14,PhD,Together,Wines,0
55,1,753.5,325,26,2n Cycle,Married,MeatProducts,0
65,0,93.0,294,7,2n Cycle,Single,Fruits,2
52,0,1294.0,597,21,Graduation,Single,MeatProducts,0
63,3,16.0,64,4,Graduation,Divorced,Wines,1
73,0,1181.5,609,31,Graduation,Single,MeatProducts,0
63,1,371.0,492,14,Graduation,Married,Wines,1
75,1,1477.0,799,26,Master,Divorced,Wines,0
54,1,1179.0,543,18,Graduation,Married,Wines,0
65,1,972.5,940,26,Graduation,Together,Wines,0
77,0,1251.0,207,21,PhD,Together,Wines,0
66,1,1299.0,706,23,PhD,Divorced,Wines,0
61,1,468.5,519,15,Graduation,Single,Wines,1
78,0,2005.5,429,13,Master,Together,Wines,0
54,2,235.0,475,16,PhD,Married,Wines,1
55,0,1462.0,684,30,Graduation,Together,Wines,0
55,1,235.0,358,11,Master,Divorced,Wines,1
48,1,1092.0,197,28,Master,Married,Wines,0
67,1,579.5,446,17,Graduation,Together,Wines,1
65,0,1814.5,292,19,Master,Single,Wines,0
40,1,48.0,831,6,Graduation,Together,MeatProducts,2
51,1,1174.0,728,32,Graduation,Married,Wines,0
75,1,67.0,237,7,PhD,Together,Wines,1
70,1,365.0,1003,15,Graduation,Divorced,Wines,0
50,0,6.0,157,0,Graduation,Divorced,Wines,2
72,1,165.0,249,10,Graduation,Together,Wines,1
67,0,210.0,805,11,2n Cycle,Together,MeatProducts,2
78,1,1063.0,462,26,PhD,Together,MeatProducts,0
59,3,223.0,411,12,PhD,Single,Wines,1
62,1,597.0,877,22,Graduation,Together,Wines,0
40,1,22.0,387,4,Graduation,Married,Fruits,2
50,1,1022.5,346,24,Graduation,Widow,Wines,0
45,0,74.0,880,6,Basic,Married,FishProducts,2
69,0,26.0,704,5,Master,Together,MeatProducts,2
66,0,60.0,708,5,Graduation,Married,FishProducts,2
51,1,20.0,569,4,PhD,Together,Wines,2
38,1,59.0,437,7,Basic,Single,FishProducts,2
57,1,34.0,457,5,PhD,Married,Wines,2
54,2,198.0,513,12,2n Cycle,Married,Wines,1
61,1,1048.0,495,28,PhD,Married,MeatProducts,0
63,2,574.0,482,21,Master,Single,Wines,1
55,1,911.5,727,17,Graduation,Widow,Wines,0
45,1,650.0,355,20,Graduation,Married,Wines,0
50,1,990.0,1059,16,PhD,Single,Wines,0
51,2,11.0,198,4,Graduation,Married,MeatProducts,1
62,1,1241.0,767,21,PhD,Married,Wines,0
46,0,576.0,308,17,Graduation,Single,Wines,0
40,1,172.0,538,12,2n Cycle,Married,MeatProducts,2
45,0,635.0,348,20,PhD,Single,Wines,0
62,1,900.5,414,23,Graduation,Divorced,Wines,0
58,0,1913.5,828,30,Graduation,Divorced,Wines,0
43,0,408.5,499,15,2n Cycle,Together,MeatProducts,2
70,1,257.0,408,12,Graduation,Together,Wines,1
58,0,1146.0,352,17,Graduation,Together,Wines,0
49,1,689.0,521,20,PhD,Divorced,Wines,0
53,0,1777.5,727,22,PhD,Single,Wines,0
43,0,651.0,972,17,PhD,Married,MeatProducts,0
36,0,1346.0,204,21,PhD,Together,Wines,0
56,0,1036.0,432,15,PhD,Together,MeatProducts,0
65,1,493.0,970,22,PhD,Divorced,Wines,0
55,0,957.0,468,13,Graduation,Single,Wines,0
67,1,270.0,364,12,Master,Together,MeatProducts,1
73,0,29.0,663,5,Basic,Together,MeatProducts,2
76,2,121.0,556,9,Master,Widow,Wines,1
64,2,126.0,498,8,Master,Married,Wines,1
30,0,23.0,255,4,Graduation,Single,MeatProducts,2
76,2,57.0,489,8,PhD,Single,MeatProducts,1
64,0,634.0,635,20,Graduation,Single,Wines,0
65,0,1004.0,93,28,Graduation,Together,Wines,0
52,1,734.0,445,20,Graduation,Divorced,Wines,0
47,2,572.0,3,20,Graduation,Married,Wines,1
47,1,1337.5,34,21,Graduation,Divorced,Wines,0
37,0,1621.0,221,15,Master,Single,Wines,0
57,1,187.0,345,12,Master,Divorced,Wines,1
39,1,1417.0,431,22,Graduation,Married,Wines,0
55,1,57.0,162,6,PhD,Divorced,Wines,1
74,1,637.0,428,20,Graduation,Divorced,Wines,0
77,1,883.5,380,14,PhD,Together,Wines,1
54,1,59.0,431,5,Master,Married,Wines,2
39,1,18.0,364,4,Graduation,Married,MeatProducts,2
60,1,903.0,776,26,Master,Single,Wines,0
50,1,112.0,654,8,Graduation,Single,MeatProducts,2
72,0,596.0,571,20,Graduation,Together,Wines,0
43,1,233.0,516,13,Graduation,Together,Wines,2
50,0,1411.0,877,11,PhD,Married,Wines,0
65,0,1095.0,804,17,2n Cycle,Divorced,MeatProducts,0
47,1,48.0,399,7,Graduation,Together,MeatProducts,2
55,1,1096.5,615,31,Graduation,Divorced,Wines,0
67,2,21.0,252,4,Graduation,Single,Wines,1
60,1,965.0,717,16,Master,Married,Wines,0
71,0,840.5,669,21,Graduation,Married,Wines,0
41,1,16.0,197,6,PhD,Married,Wines,2
60,0,1562.0,661,16,Graduation,Married,Wines,0
49,1,71.0,1063,12,Graduation,Married,FishProducts,2
59,1,65.0,122,6,Graduation,Married,Wines,1
70,0,1230.0,378,24,Graduation,Married,MeatProducts,0
49,0,898.0,315,23,Master,Divorced,Wines,0
60,3,411.0,391,20,Master,Married,Wines,1
34,0,779.5,600,26,Graduation,Together,Wines,0
76,2,11.0,435,4,PhD,Divorced,Wines,1
72,2,480.0,881,21,PhD,Together,Wines,1
47,2,606.0,365,22,Graduation,Married,Wines,1
77,3,284.0,416,16,PhD,Divorced,Wines,1
52,2,1472.0,452,14,Graduation,Divorced,Wines,0
76,0,1616.0,221,26,Graduation,Married,Wines,0
52,1,1180.0,617,19,Graduation,Married,Wines,0
73,1,334.0,275,13,Master,Together,Wines,1
36,1,18.0,628,4,Basic,Married,FishProducts,2
56,1,1286.0,819,20,Graduation,Together,Wines,0
72,1,1099.0,623,30,PhD,Single,Wines,0
69,2,97.0,551,8,Master,Together,Wines,1
75,3,63.0,339,9,PhD,Single,Wines,1
47,1,109.0,697,9,2n Cycle,Together,MeatProducts,2
61,0,884.5,315,21,Graduation,Married,MeatProducts,0
73,0,1509.5,366,20,Graduation,Together,Wines,0
50,1,38.0,450,9,2n Cycle,Married,MeatProducts,2
30,0,917.5,94,24,Graduation,Single,MeatProducts,0
55,1,28.0,447,4,Graduation,Single,MeatProducts,2
71,0,1215.0,311,28,2n Cycle,Married,Wines,0
53,0,1311.0,340,22,PhD,Together,MeatProducts,0
67,1,449.0,636,17,PhD,Together,Wines,1
50,1,1022.5,346,24,Graduation,Widow,Wines,0
56,0,1527.0,646,25,Graduation,Married,Wines,0
46,0,1428.0,304,21,Graduation,Together,Wines,0
47,0,971.0,460,24,2n Cycle,Together,Wines,0
53,1,1226.0,758,23,PhD,Together,Wines,0
61,1,1145.5,443,20,Graduation,Married,Wines,0
46,1,92.0,631,8,Master,Married,Wines,2
66,1,99.0,185,8,PhD,Married,Wines,1
44,1,66.0,636,8,2n Cycle,Married,MeatProducts,2
58,2,564.0,226,19,Graduation,Single,Wines,1
37,0,1346.5,404,21,Master,Married,Wines,0
47,1,86.0,427,6,PhD,Single,Wines,2
73,0,732.5,198,18,Graduation,Single,MeatProducts,0
70,1,242.0,588,12,Graduation,Married,Wines,1
48,0,1400.5,757,17,Graduation,Married,Wines,0
38,0,1289.5,941,29,Graduation,Together,Wines,0
60,1,183.0,696,8,2n Cycle,Married,Wines,2
69,1,450.0,559,18,Master,Married,Wines,1
46,1,758.0,639,21,Graduation,Married,MeatProducts,0
74,0,1365.0,359,20,PhD,Married,Wines,0
60,2,654.0,591,23,Graduation,Single,Wines,1
53,2,81.0,602,9,Graduation,Married,Wines,1
68,1,137.0,846,1,PhD,Together,Wines,1
72,2,16.0,551,4,Graduation,Together,Wines,1
60,1,93.0,463,8,PhD,Single,Wines,1
67,0,1158.0,314,17,PhD,Together,Wines,0
70,2,43.0,353,6,Master,Single,Wines,1
54,1,1372.0,362,22,Graduation,Single,Wines,0
51,0,1129.0,216,19,PhD,Single,MeatProducts,0
49,2,29.0,236,6,Graduation,Together,FishProducts,1
55,1,25.0,31,5,Graduation,Single,MeatProducts,2
53,1,24.0,262,4,Graduation,Married,MeatProducts,2
53,1,38.0,536,5,Graduation,Together,MeatProducts,2
39,1,57.0,768,7,Basic,Married,SweetProducts,2
65,2,47.0,294,12,Master,Together,MeatProducts,1
57,1,741.5,673,24,PhD,Divorced,Wines,0
47,1,616.5,191,22,Master,Married,Wines,0
49,1,377.0,849,17,Graduation,Divorced,Wines,2
80,0,1375.0,690,14,Master,Together,MeatProducts,0
68,0,729.0,878,17,PhD,Married,MeatProducts,0
75,0,50.0,505,6,Graduation,Single,FishProducts,2
47,2,270.0,403,15,Graduation,Married,Wines,1
64,1,177.0,581,9,Graduation,Single,MeatProducts,2
63,0,315.0,685,13,Master,Single,Wines,2
71,1,767.0,161,23,PhD,Married,Wines,0
60,1,1020.5,774,26,2n Cycle,Divorced,Wines,0
52,0,1480.5,671,24,Graduation,Together,Wines,0
57,1,60.0,357,10,Graduation,Married,Wines,2
55,1,573.0,358,21,Master,Married,Wines,0
69,2,41.0,620,5,Graduation,Widow,Wines,1
74,2,170.0,686,10,Graduation,Married,MeatProducts,1
81,0,1033.0,574,28,PhD,Single,Wines,0
67,0,1493.5,550,25,Graduation,Married,Wines,0
49,2,458.0,604,21,Master,Married,Wines,1
54,1,63.0,258,6,Master,Married,Wines,2
68,1,405.0,411,17,Graduation,Married,Wines,1
53,2,1020.5,624,19,Graduation,Married,Wines,0
53,1,1395.5,550,22,Graduation,Single,Wines,0
44,0,72.0,416,5,Graduation,Married,SweetProducts,2
53,1,48.0,595,7,Graduation,Single,MeatProducts,2
50,0,633.0,189,16,Graduation,Single,MeatProducts,2
70,1,860.0,613,27,Master,Married,Wines,0
39,0,1226.0,378,22,PhD,Together,MeatProducts,0
55,1,495.0,1,18,PhD,Together,Wines,1
49,2,20.0,3,4,Graduation,Married,Wines,1
71,0,494.0,742,19,Graduation,Single,MeatProducts,0
53,1,769.0,252,21,Graduation,Married,Wines,0
47,1,55.0,696,7,2n Cycle,Married,FishProducts,2
45,0,1560.0,580,18,PhD,Single,Wines,0
53,1,55.0,485,7,Graduation,Married,MeatProducts,2
64,0,577.0,174,18,Graduation,Single,Wines,0
62,0,162.0,597,8,Graduation,Married,MeatProducts,2
66,1,1690.0,563,20,Graduation,Together,Wines,0
66,1,1463.0,599,24,2n Cycle,Divorced,Wines,0
71,3,1562.0,519,17,Graduation,Married,Wines,1
63,3,36.0,370,6,Graduation,Divorced,Wines,1
67,1,1482.0,396,22,PhD,Widow,Wines,0
41,1,22.0,337,5,Graduation,Together,FishProducts,2
49,2,63.0,379,6,PhD,Divorced,MeatProducts,1
33,0,661.5,788,18,Graduation,Single,Wines,0
58,2,542.0,580,20,PhD,Together,Wines,1
45,1,50.0,664,7,2n Cycle,Together,SweetProducts,2
58,2,39.0,660,6,Graduation,Married,Wines,1
69,1,944.5,617,28,Graduation,Married,Wines,0
53,1,385.0,590,14,Master,Single,Wines,2
45,0,1354.5,804,27,Graduation,Divorced,Wines,0
45,1,46.0,667,5,2n Cycle,Single,Wines,2
48,1,716.5,260,20,Graduation,Single,Wines,0
75,2,76.0,577,9,Graduation,Together,Wines,1
51,1,290.0,737,14,Graduation,Married,Wines,2
37,1,89.0,1,11,Graduation,Single,MeatProducts,2
44,1,70.0,786,11,Graduation,Married,MeatProducts,2
65,0,1052.5,497,17,2n Cycle,Married,MeatProducts,0
55,0,1632.5,327,19,Graduation,Together,Wines,0
34,0,1256.5,798,19,2n Cycle,Single,Wines,0
69,1,764.0,712,23,Master,Single,Wines,0
62,1,195.0,409,11,Graduation,Single,Wines,1
45,2,53.0,427,11,Graduation,Married,MeatProducts,2
51,1,368.0,541,13,Graduation,Single,Wines,2
71,1,544.0,35,20,PhD,Married,Wines,1
68,0,1430.5,908,25,2n Cycle,Married,Wines,0
59,2,35.0,194,6,PhD,Together,Wines,1
51,1,446.0,264,18,PhD,Married,Wines,1
46,1,905.0,701,30,Graduation,Single,MeatProducts,0
52,1,41.0,247,5,Master,Married,Wines,2
40,2,727.0,655,22,Graduation,Married,Wines,0
59,2,40.0,970,6,Graduation,Together,Wines,1
36,0,1062.0,580,26,2n Cycle,Married,Wines,0
56,1,40.0,314,7,Graduation,Together,MeatProducts,2
56,2,292.0,294,17,Master,Together,Wines,1
38,0,15.0,461,4,Graduation,Married,FishProducts,2
36,1,341.0,970,17,2n Cycle,Together,FishProducts,2
50,1,369.0,354,13,2n Cycle,Single,Wines,2
52,1,401.0,395,17,PhD,Together,Wines,1
59,1,393.0,620,17,Master,Single,Wines,1
39,2,10.0,438,4,Master,Single,Wines,2
47,1,486.0,549,16,Graduation,Together,Wines,2
46,1,69.0,780,7,Graduation,Together,FishProducts,2
42,0,1644.0,434,17,PhD,Together,Wines,0
66,1,995.0,188,16,Graduation,Single,Wines,0
49,1,45.0,30,10,Graduation,Together,FishProducts,2
44,2,182.0,246,12,2n Cycle,Single,MeatProducts,2
47,1,973.5,544,23,Master,Together,Wines,0
72,0,1525.5,445,18,Graduation,Together,Wines,0
54,2,595.0,524,22,Master,Divorced,Wines,1
42,1,156.0,660,9,Graduation,Married,MeatProducts,2
69,0,1213.0,216,28,Master,Single,MeatProducts,0
47,1,128.0,688,11,2n Cycle,Together,MeatProducts,2
53,1,86.0,65,9,Graduation,Single,SweetProducts,2
50,1,68.0,781,7,Graduation,Married,Wines,2
50,2,16.0,501,4,Graduation,Divorced,Wines,1
44,2,55.0,170,7,2n Cycle,Married,Wines,1
53,0,1777.5,727,22,PhD,Single,Wines,0
55,0,1828.0,667,19,PhD,Together,Wines,0
72,3,263.0,740,15,PhD,Single,Wines,1
66,2,55.0,389,7,Graduation,Married,Wines,1
63,2,564.0,701,22,Graduation,Together,Wines,1
47,0,1281.0,355,20,Master,Single,Wines,0
52,1,83.0,460,7,Graduation,Married,Wines,2
60,2,353.0,849,18,Master,Widow,Wines,1
42,0,954.5,326,25,Graduation,Married,MeatProducts,0
34,1,14.0,220,4,Basic,Single,FishProducts,2
82,0,862.5,703,24,PhD,Divorced,Wines,0
53,1,1023.5,724,25,PhD,Single,Wines,0
69,1,788.5,516,20,Graduation,Together,Wines,0
67,1,1453.5,317,25,Graduation,Divorced,Wines,0
51,1,401.0,393,17,PhD,Married,Wines,1
39,1,84.0,410,11,Graduation,Divorced,MeatProducts,2
67,0,906.0,552,18,Graduation,Married,MeatProducts,0
55,1,203.0,477,11,Graduation,Divorced,Wines,2
58,0,838.0,510,16,Graduation,Together,MeatProducts,0
52,0,409.0,603,13,Graduation,Together,Wines,2
56,3,282.0,622,16,Graduation,Together,Wines,1
48,0,1224.0,93,18,Graduation,Single,Wines,0
64,0,1132.0,380,18,Graduation,Single,MeatProducts,0
54,1,28.0,662,4,Graduation,Widow,FishProducts,2
51,1,67.0,249,6,Graduation,Together,Wines,2
39,0,199.0,64,10,PhD,Married,Wines,2
59,0,1335.0,525,22,PhD,Single,Wines,0
33,0,1253.0,513,19,Graduation,Together,Wines,0
62,1,1150.5,680,31,PhD,Widow,Wines,0
53,1,178.0,510,10,Master,Married,MeatProducts,2
31,0,1526.5,999,18,Graduation,Single,Wines,0
71,0,958.5,396,14,Graduation,Married,Wines,0
65,0,1001.0,345,15,Master,Together,Wines,0
43,0,1666.0,516,20,PhD,Married,Wines,0
71,1,350.0,384,14,2n Cycle,Single,Wines,1
71,0,1624.5,567,25,PhD,Single,Wines,0
70,2,46.0,237,5,PhD,Together,Wines,1
32,0,1073.0,598,19,Graduation,Single,MeatProducts,0
56,1,95.0,681,7,Master,Single,MeatProducts,2
77,2,62.0,245,9,PhD,Married,MeatProducts,1
39,1,1558.5,202,26,Graduation,Together,Wines,0
46,0,467.0,827,16,Master,Together,MeatProducts,2
47,0,1019.5,65,19,Graduation,Married,MeatProducts,0
43,0,1810.0,341,19,2n Cycle,Single,Wines,0
32,0,1046.0,245,16,Graduation,Single,Wines,0
49,1,1416.0,384,21,PhD,Married,Wines,0
51,0,1113.0,124,20,PhD,Together,MeatProducts,0
36,1,125.0,65,7,Graduation,Single,Wines,2
74,1,966.0,728,25,PhD,Single,Wines,0
36,1,32.0,714,5,Basic,Married,SweetProducts,2
73,0,732.5,198,18,Graduation,Single,MeatProducts,0
54,1,46.0,195,8,PhD,Together,Wines,1
54,0,913.5,408,17,Graduation,Together,Wines,0
55,1,1801.0,563,30,PhD,Married,Wines,0
54,1,779.0,510,26,Graduation,Single,Wines,0
50,1,811.0,454,23,PhD,Divorced,Wines,0
73,2,1092.5,426,20,2n Cycle,Single,Wines,1
63,1,725.0,504,20,PhD,Together,Wines,0
42,0,1120.0,557,12,Graduation,Divorced,MeatProducts,0
72,0,1983.0,612,18,Graduation,Together,Wines,0
39,0,66.0,714,9,Basic,Single,SweetProducts,2
38,0,1250.0,1061,19,PhD,Married,Wines,0
43,1,676.5,293,20,2n Cycle,Married,Wines,0
46,2,305.0,432,13,Graduation,Divorced,Wines,1
48,1,50.0,542,6,Graduation,Together,MeatProducts,2
50,1,995.0,1061,16,2n Cycle,Divorced,Wines,0
46,1,41.0,62,6,PhD,Together,MeatProducts,2
49,2,77.0,123,9,PhD,Together,Wines,1
52,2,171.0,676,12,Master,Divorced,Wines,1
54,2,131.0,396,7,PhD,Single,MeatProducts,1
49,2,54.0,31,5,Master,Together,Wines,1
49,2,53.0,430,12,PhD,Married,MeatProducts,1
60,1,397.5,1059,16,Graduation,Married,Wines,0
73,1,694.0,841,22,Graduation,Single,Wines,0
52,2,96.0,154,8,Graduation,Married,Wines,1
68,1,361.0,588,16,PhD,Divorced,Wines,1
58,1,1033.0,806,26,Graduation,Divorced,Wines,0
63,1,578.0,154,20,PhD,Single,Wines,1
56,1,64.0,706,7,Master,Together,SweetProducts,2
50,1,149.0,418,13,PhD,Married,Wines,2
45,2,231.0,164,16,Graduation,Married,Wines,1
66,1,697.5,362,21,Graduation,Together,MeatProducts,0
52,0,1409.0,474,23,Graduation,Married,Wines,0
52,1,93.0,726,10,Graduation,Married,Wines,2
51,1,23.0,602,4,PhD,Married,Wines,2
45,1,662.0,784,24,Graduation,Together,MeatProducts,0
37,0,1086.0,307,18,Graduation,Married,Wines,0
57,3,81.0,688,11,PhD,Together,Wines,1
37,1,92.0,725,10,2n Cycle,Married,MeatProducts,2
66,1,491.0,384,18,2n Cycle,Divorced,Wines,1
54,0,1496.0,783,24,Master,Together,Wines,0
63,0,896.5,279,24,Graduation,Married,MeatProducts,0
66,0,1862.5,1063,19,Master,Together,Wines,0
60,3,411.0,391,20,Master,Married,Wines,1
73,2,94.0,280,9,Graduation,Married,Wines,1
71,1,1016.5,362,28,Graduation,Together,Wines,0
65,2,23.0,364,4,2n Cycle,Widow,Wines,1
60,0,6.0,167,0,Graduation,Divorced,Wines,2
46,1,54.0,516,6,Master,Divorced,Wines,2
47,1,1144.0,418,29,Graduation,Divorced,Wines,0
75,0,1152.0,478,22,Graduation,Married,Wines,0
51,1,405.0,472,16,PhD,Married,Wines,2
47,0,1801.0,376,19,PhD,Married,Wines,0
56,0,2099.5,407,26,Graduation,Married,Wines,0
49,0,1171.5,366,27,2n Cycle,Single,MeatProducts,0
69,2,45.0,160,7,PhD,Widow,Wines,1
71,0,1718.0,260,17,Graduation,Divorced,Wines,0
53,1,19.0,737,4,2n Cycle,Married,MeatProducts,2
44,1,573.0,827,22,Master,Together,Wines,0
36,1,788.5,291,24,Graduation,Single,MeatProducts,0
71,2,108.0,167,8,Graduation,Divorced,Wines,1
30,0,23.0,255,4,Graduation,Single,MeatProducts,2
47,0,1493.0,451,23,Graduation,Together,Wines,0
68,2,89.0,284,9,Graduation,Together,MeatProducts,1
52,1,926.5,480,25,Graduation,Married,Wines,0
69,1,343.0,635,16,Graduation,Divorced,Wines,1
69,1,528.0,788,20,PhD,Widow,MeatProducts,0
38,0,1841.0,452,12,PhD,Single,Wines,0
44,2,668.5,619,22,2n Cycle,Married,Wines,1
38,1,58.0,661,7,Graduation,Together,SweetProducts,2
71,1,297.0,568,16,PhD,Married,Wines,1
71,1,488.0,672,21,Graduation,Single,Wines,0
72,1,859.0,939,23,Master,Married,Wines,0
73,0,1509.5,366,20,Graduation,Together,Wines,0
57,2,69.0,314,10,Graduation,Married,MeatProducts,1
62,2,17.0,427,4,PhD,Single,Wines,1
46,1,1949.0,833,21,Graduation,Together,Wines,0
49,1,116.0,35,8,PhD,Together,Wines,2
47,1,279.0,521,17,Graduation,Single,Wines,2
57,1,103.0,788,7,Master,Together,Wines,2
54,2,44.0,232,9,Master,Married,Wines,1
74,0,406.0,231,15,Master,Married,MeatProducts,0
60,0,1247.5,155,20,2n Cycle,Married,Wines,0
56,0,236.0,557,11,Graduation,Together,Wines,2
52,1,39.0,645,5,Graduation,Married,Wines,2
49,0,137.0,654,8,Graduation,Single,Fruits,2
52,1,79.0,170,10,Graduation,Married,Wines,2
51,1,63.0,517,6,PhD,Together,Wines,2
72,3,1314.0,612,24,PhD,Together,Wines,1
59,1,71.0,165,6,Master,Together,Wines,1
47,1,58.0,1000,7,Graduation,Married,FishProducts,2
58,1,702.0,489,21,PhD,Married,Wines,0
47,1,94.0,472,7,Graduation,Single,MeatProducts,2
38,1,80.0,676,7,Basic,Single,FishProducts,2
67,1,22.0,697,5,PhD,Divorced,Wines,1
61,1,1211.0,969,32,2n Cycle,Together,Wines,0
54,0,1236.0,525,22,Graduation,Together,MeatProducts,0
54,0,1433.5,688,20,Graduation,Single,Wines,0
56,0,1091.0,164,16,Graduation,Together,Wines,0
48,1,55.0,683,5,2n Cycle,Married,MeatProducts,2
52,0,1283.5,1,19,Graduation,Married,MeatProducts,0
45,0,313.0,829,13,Graduation,Single,MeatProducts,2
67,2,62.0,283,11,PhD,Together,Wines,1
53,2,92.0,444,9,Master,Single,Wines,1
54,1,72.0,251,6,PhD,Married,Wines,2
72,1,655.0,556,21,Graduation,Married,Wines,0
66,1,612.5,227,18,Graduation,Married,Wines,1
71,2,54.0,1000,8,Graduation,Married,Wines,1
34,0,178.0,809,7,Graduation,Single,Wines,2
63,0,959.5,197,14,Graduation,Together,MeatProducts,0
39,1,36.0,494,5,Graduation,Together,MeatProducts,2
60,1,122.0,784,10,Master,Single,Wines,2
59,1,122.0,437,7,Master,Married,MeatProducts,2
65,1,1060.5,419,27,PhD,Married,Wines,0
41,1,436.5,753,18,Graduation,Together,MeatProducts,2
59,1,691.0,578,25,Graduation,Married,Wines,0
60,0,1247.5,155,20,2n Cycle,Married,Wines,0
59,2,12.0,214,4,PhD,Together,Wines,1
76,0,2050.0,658,25,PhD,Married,Wines,0
55,2,56.0,660,7,2n Cycle,Divorced,MeatProducts,1
42,1,37.0,581,5,Master,Married,MeatProducts,2
40,0,968.0,940,21,Graduation,Single,MeatProducts,0
51,1,270.0,829,15,Graduation,Married,Wines,2
74,0,278.0,454,12,PhD,Married,Wines,1
73,0,1250.0,739,22,Graduation,Single,Wines,0
38,0,874.5,615,17,Graduation,Together,Wines,0
76,2,1178.0,1061,23,Master,Married,Wines,0
67,2,1081.5,499,26,Graduation,Together,Wines,0
38,0,651.0,431,20,PhD,Single,MeatProducts,0
52,2,49.0,201,6,PhD,Divorced,Wines,1
61,1,506.0,32,17,PhD,Married,Wines,1
64,2,38.0,727,8,Graduation,Married,Wines,1
33,0,1458.0,335,23,Graduation,Single,MeatProducts,0
60,1,1768.5,1003,31,2n Cycle,Divorced,Wines,0
69,0,18.0,972,4,Graduation,Divorced,MeatProducts,2
47,0,906.0,247,24,Graduation,Married,Wines,0
54,1,46.0,195,8,PhD,Together,Wines,1
59,1,1380.5,999,25,Graduation,Together,Wines,0
70,1,766.0,736,23,Graduation,Together,Wines,0
72,1,47.0,285,7,Graduation,Married,Wines,1
67,0,467.0,506,14,Graduation,Together,Wines,0
64,0,1962.0,639,21,Graduation,Together,Wines,0
44,0,1298.0,700,25,PhD,Married,Wines,0
49,2,22.0,473,6,2n Cycle,Together,Wines,1
57,1,396.0,318,15,Master,Single,Wines,1
47,1,20.0,593,4,PhD,Married,Wines,2
60,0,929.0,264,13,Graduation,Single,MeatProducts,0
54,1,357.0,749,19,Graduation,Married,Wines,0
69,0,1399.0,836,16,Graduation,Married,Wines,0
43,1,15.0,476,4,Graduation,Together,MeatProducts,2
55,0,1794.5,672,20,Master,Single,Wines,0
48,1,965.5,613,26,Graduation,Married,Wines,0
55,2,17.0,361,6,Graduation,Single,MeatProducts,1
67,0,523.0,614,22,PhD,Together,Wines,0
42,1,23.0,276,4,Graduation,Together,MeatProducts,2
67,0,1023.5,264,17,PhD,Single,MeatProducts,0
52,0,1657.0,191,20,PhD,Married,Wines,0
51,1,133.0,224,9,PhD,Single,Wines,2
66,0,777.0,470,17,Graduation,Together,MeatProducts,0
53,2,73.0,532,9,PhD,Single,Wines,1
60,2,121.0,3,10,PhD,Married,Wines,1
46,1,424.0,516,15,Graduation,Single,Wines,2
67,1,868.0,303,13,Graduation,Divorced,Wines,1
39,0,756.0,766,15,2n Cycle,Single,MeatProducts,2
43,1,12.0,592,4,Master,Together,Wines,2
46,1,937.0,673,25,Graduation,Married,Wines,0
50,0,1636.5,483,17,Graduation,Divorced,Wines,0
46,1,367.0,565,14,2n Cycle,Married,MeatProducts,2
39,1,443.0,666,20,Graduation,Married,MeatProducts,2
55,1,267.0,406,13,Graduation,Together,Wines,1
53,1,61.0,257,6,Graduation,Married,MeatProducts,2
65,0,1311.0,386,21,PhD,Single,Wines,0
73,1,63.0,170,6,PhD,Married,Wines,1
55,0,64.0,638,8,2n Cycle,Married,FishProducts,2
51,1,562.0,310,19,2n Cycle,Married,Wines,0
60,2,312.0,189,18,Graduation,Married,Wines,1
71,0,1156.0,649,16,Graduation,Divorced,Wines,0
42,0,1025.0,702,16,2n Cycle,Single,Wines,0
52,2,16.0,95,4,PhD,Single,Wines,1
65,0,1814.5,292,19,Master,Single,Wines,0
41,1,44.0,463,9,PhD,Single,Wines,2
54,1,1532.5,465,14,Graduation,Together,Wines,0
42,1,63.0,416,5,PhD,Married,MeatProducts,2
42,0,399.5,442,12,Master,Married,Wines,2
59,0,96.0,689,6,Basic,Together,Fruits,2
47,1,635.0,362,23,2n Cycle,Married,Wines,0
57,1,757.0,544,22,Graduation,Single,Wines,0
46,1,125.0,744,9,PhD,Married,Wines,2
52,2,332.0,568,16,Master,Divorced,Wines,1
46,1,135.0,347,8,Graduation,Single,FishProducts,2
71,1,330.0,748,14,Graduation,Married,MeatProducts,1
63,2,384.0,718,19,Graduation,Divorced,Wines,1
59,2,1722.0,850,18,Graduation,Single,Wines,0
48,3,78.0,226,7,Graduation,Together,Wines,1
40,0,24.0,370,4,Basic,Single,MeatProducts,2
73,0,906.0,351,25,2n Cycle,Divorced,MeatProducts,0
74,1,957.0,690,17,Master,Married,Wines,0
58,2,15.0,422,4,Graduation,Single,Wines,1
47,1,57.0,153,5,Graduation,Married,MeatProducts,2
49,1,1549.5,725,24,Graduation,Together,Wines,0
40,0,1762.0,403,21,Graduation,Single,Wines,0
51,1,326.0,196,14,2n Cycle,Together,Wines,1
57,2,77.0,942,9,PhD,Married,MeatProducts,1
63,0,1313.0,641,20,PhD,Divorced,Wines,0
36,0,30.0,198,8,Master,Divorced,MeatProducts,2
64,1,315.0,672,14,Graduation,Married,Wines,1
72,1,660.0,534,22,Master,Together,Wines,0
36,1,74.0,674,7,Graduation,Married,MeatProducts,2
47,1,46.0,31,7,2n Cycle,Divorced,MeatProducts,2
63,1,86.0,476,8,PhD,Single,Wines,1
80,0,1052.5,574,25,Graduation,Widow,Wines,0
51,1,61.0,319,11,Master,Together,Wines,2
44,1,145.0,382,9,Graduation,Together,MeatProducts,2
69,2,684.0,813,25,Graduation,Together,Wines,0
71,1,411.0,360,16,PhD,Married,Wines,1
39,1,27.0,784,4,Graduation,Single,Wines,2
82,0,1060.0,547,27,PhD,Widow,Wines,0
61,1,1383.0,829,24,Graduation,Together,Wines,0
46,1,18.0,829,4,Graduation,Married,Wines,2
51,0,1602.0,805,26,Graduation,Together,Wines,0
65,1,237.0,277,12,Master,Married,Wines,1
62,2,48.0,192,10,PhD,Single,Wines,1
49,2,515.0,503,22,Graduation,Married,Wines,1
51,0,788.5,938,15,Graduation,Together,Wines,0
64,0,1367.5,191,11,Graduation,Married,Wines,0
74,1,1008.5,398,25,Graduation,Married,Wines,0
60,1,301.0,258,12,Graduation,Married,Wines,1
69,2,684.0,813,25,Graduation,Together,Wines,0
60,1,499.0,777,17,Graduation,Married,Wines,0
31,0,956.0,836,21,Graduation,Together,MeatProducts,0
51,1,218.0,419,12,PhD,Married,Wines,2
53,1,606.0,562,22,Graduation,Married,Wines,0
57,1,75.0,578,6,2n Cycle,Married,Wines,2
57,3,106.0,836,9,Graduation,Together,MeatProducts,1
77,0,920.0,556,17,Graduation,Married,Wines,0
56,0,1059.5,318,16,Graduation,Single,MeatProducts,0
29,0,16.0,292,4,Basic,Married,FishProducts,2
51,0,34.0,264,5,2n Cycle,Married,FishProducts,2
35,0,1691.0,832,16,PhD,Married,Wines,0
68,2,438.0,5,17,Master,Married,Wines,1
46,1,75.0,492,7,Basic,Together,Fruits,2
65,1,225.0,388,13,Master,Married,Wines,1
73,2,18.0,1000,4,Master,Married,Wines,1
44,1,470.0,568,17,Graduation,Married,Wines,2
44,2,91.0,602,9,Graduation,Divorced,Wines,2
34,0,2064.0,296,18,Master,Single,Wines,0
75,1,504.0,692,19,Graduation,Together,Wines,0
68,1,235.0,584,11,Graduation,Married,Wines,1
64,1,1232.0,686,21,PhD,Divorced,Wines,0
67,2,88.0,641,12,Basic,Single,FishProducts,1
54,1,17.0,123,4,Graduation,Single,MeatProducts,2
40,1,24.0,666,5,Graduation,Single,MeatProducts,2
60,2,60.0,471,7,Graduation,Married,Wines,1
73,1,1020.0,468,26,PhD,Single,Wines,0
63,1,155.0,907,10,PhD,Together,Wines,1
51,2,51.0,282,5,2n Cycle,Married,Wines,1
55,0,1716.5,714,16,Master,Divorced,Wines,0
56,1,1388.0,749,25,Master,Widow,Wines,0
65,1,96.0,230,6,Graduation,Divorced,SweetProducts,1
73,1,160.0,292,9,Graduation,Single,Wines,1
56,2,139.0,593,10,Master,Married,Wines,1
57,1,903.5,594,22,Master,Divorced,Wines,0
60,1,183.0,696,8,2n Cycle,Married,Wines,2
56,1,1161.0,615,19,Master,Married,Wines,0
53,0,988.0,216,14,PhD,Married,Wines,0
64,1,802.5,818,27,2n Cycle,Widow,Wines,0
48,2,174.0,392,12,Graduation,Married,Wines,1
66,1,735.0,680,22,Graduation,Married,Wines,0
67,1,195.0,340,11,Master,Married,Wines,1
46,1,31.0,787,6,Graduation,Divorced,MeatProducts,2
68,0,951.0,476,17,Master,Together,MeatProducts,0
69,1,685.0,654,22,Master,Married,Wines,0
60,0,1408.0,379,26,PhD,Married,Wines,0
35,0,43.0,403,6,Graduation,Married,SweetProducts,2
68,2,49.0,293,5,PhD,Together,Wines,1
60,1,133.0,563,9,Graduation,Together,Wines,1
68,1,363.0,361,15,Graduation,Together,Wines,1
70,1,545.0,600,18,Graduation,Together,Wines,0
53,1,1065.0,405,30,Graduation,Together,Wines,0
56,0,1690.0,368,21,Graduation,Together,Wines,0
53,2,296.0,766,15,Graduation,Married,Wines,1
50,2,140.0,526,11,Graduation,Single,Wines,1
60,1,528.0,507,17,Graduation,Single,Wines,0
62,2,152.0,850,13,PhD,Together,Wines,1
34,0,1598.0,544,24,PhD,Together,Wines,0
62,1,114.0,686,8,Graduation,Single,Wines,2
39,1,101.0,836,10,Basic,Single,Fruits,2
52,1,25.0,440,4,Graduation,Married,Fruits,2
68,0,748.0,679,22,2n Cycle,Divorced,Wines,0
44,2,87.0,494,7,Graduation,Married,Wines,2
67,2,90.0,440,11,PhD,Widow,Wines,1
66,1,1215.0,587,20,PhD,Married,Wines,0
70,0,811.0,361,22,PhD,Single,Wines,0
39,1,61.0,775,7,Graduation,Married,MeatProducts,2
50,1,405.0,478,18,Master,Married,Wines,2
70,2,72.0,251,9,Master,Married,Wines,1
54,2,189.0,659,14,Graduation,Divorced,Wines,1
39,1,40.0,525,5,PhD,Together,Wines,2
47,1,63.0,95,10,Graduation,Divorced,Wines,2
42,1,52.0,625,7,Graduation,Together,MeatProducts,2
49,1,39.0,304,5,PhD,Together,Wines,2
54,1,739.0,194,25,Graduation,Married,Wines,0
69,1,130.0,233,8,Master,Together,Wines,1
53,0,1631.0,605,24,Graduation,Together,Wines,0
36,1,34.0,608,5,Graduation,Married,MeatProducts,2
73,2,152.0,372,12,Graduation,Single,Wines,1
41,1,21.0,322,5,Basic,Single,Fruits,2
58,3,71.0,636,7,PhD,Married,Wines,1
63,1,840.0,196,23,Graduation,Single,Wines,0
78,0,711.0,230,10,Master,Together,MeatProducts,0
47,1,351.0,972,16,PhD,Together,Wines,2
54,0,8.0,202,6,Graduation,Divorced,MeatProducts,2
33,1,119.0,999,11,Basic,Single,SweetProducts,2
57,2,21.0,581,4,Graduation,Together,Wines,1
52,1,10.0,257,4,PhD,Together,Wines,2
50,1,973.0,196,27,Graduation,Married,Wines,0
60,0,1536.0,466,13,PhD,Married,Wines,0
73,2,992.0,508,28,Graduation,Married,Wines,0
58,1,1529.0,652,34,PhD,Married,Wines,0
53,1,746.0,362,17,Graduation,Married,MeatProducts,0
62,1,900.5,414,23,Graduation,Divorced,Wines,0
55,2,418.0,859,18,PhD,Married,Wines,1
70,1,521.5,1003,16,2n Cycle,Married,Wines,0
50,1,583.5,1,19,Graduation,Married,Wines,1
49,2,23.0,262,4,Graduation,Married,Wines,1
56,0,1682.5,477,23,Graduation,Together,Wines,0
52,2,49.0,201,6,PhD,Divorced,Wines,1
42,0,1663.0,563,17,PhD,Divorced,Wines,0
43,0,1804.0,573,27,Master,Together,Wines,0
65,2,48.0,547,8,Graduation,Married,Wines,1
73,2,83.0,186,7,Graduation,Single,Wines,1
50,0,1636.5,483,17,Graduation,Divorced,Wines,0
62,2,787.5,803,25,PhD,Married,Wines,0
55,1,84.0,491,9,Graduation,Together,Wines,2
77,1,183.0,473,10,PhD,Married,Wines,1
67,0,1328.0,168,19,2n Cycle,Single,Wines,0
81,0,999.0,155,16,Graduation,Married,Wines,0
62,1,794.5,683,24,Master,Single,Wines,0
53,1,246.0,832,14,Graduation,Single,Wines,2
59,2,610.0,627,23,Master,Married,Wines,1
57,1,76.0,745,9,Master,Divorced,MeatProducts,2
54,1,1286.0,648,22,Graduation,Married,Wines,0
50,1,30.0,355,4,Master,Married,MeatProducts,2
61,3,99.0,704,8,Graduation,Married,SweetProducts,1
47,0,1108.5,806,22,Graduation,Divorced,Wines,0
50,1,362.0,372,18,Graduation,Married,Wines,2
42,0,1756.0,819,19,Graduation,Together,Wines,0
54,0,1212.0,840,28,2n Cycle,Divorced,Wines,0
68,2,38.0,807,6,PhD,Married,MeatProducts,1
74,0,485.0,503,17,Master,Together,MeatProducts,0
74,0,404.0,939,13,Basic,Married,FishProducts,0
55,1,44.0,632,5,Graduation,Divorced,MeatProducts,2
53,1,496.0,743,18,PhD,Married,Wines,0
56,2,78.0,487,7,2n Cycle,Married,Wines,1
53,0,1894.0,430,23,Master,Married,Wines,0
54,0,763.0,706,21,Graduation,Married,Wines,0
69,0,17.0,576,4,Graduation,Married,FishProducts,2
54,1,26.0,493,5,Graduation,Single,Wines,2
52,1,76.0,263,8,2n Cycle,Married,Wines,2
48,2,15.0,512,4,PhD,Single,MeatProducts,2
62,2,62.0,2,7,PhD,Single,Wines,1
71,1,198.0,252,10,Master,Together,Wines,1
47,1,49.0,407,5,PhD,Together,Wines,2
59,1,802.0,530,25,Graduation,Together,Wines,0
79,0,1489.5,290,15,Graduation,Married,Wines,0
47,2,57.0,709,10,Graduation,Single,FishProducts,2
54,1,59.0,609,2,Master,Together,Wines,2
72,0,1983.0,612,18,Graduation,Together,Wines,0
40,0,37.0,291,6,2n Cycle,Married,MeatProducts,2
55,2,310.0,649,16,Graduation,Divorced,Wines,1
46,0,1241.0,1060,19,Graduation,Married,Wines,0
59,1,832.0,526,26,Graduation,Together,Wines,0
49,2,401.0,642,19,Graduation,Together,Wines,1
60,0,1501.0,197,23,PhD,Married,Wines,0
43,0,1189.0,326,28,Graduation,Married,Wines,0
53,1,1166.5,502,31,Graduation,Together,Wines,0
65,1,656.0,309,21,PhD,Married,Wines,0
69,0,1289.5,743,23,Master,Single,Wines,0
60,1,311.0,467,15,Master,Together,Wines,1
70,1,658.0,543,26,2n Cycle,Together,Wines,0
36,1,274.0,35,14,2n Cycle,Married,MeatProducts,2
63,2,57.0,595,9,PhD,Single,Wines,1
60,1,448.0,695,17,Graduation,Together,Wines,0
52,2,44.0,61,5,2n Cycle,Married,MeatProducts,1
53,2,102.0,495,8,Graduation,Married,Wines,1
41,1,61.0,338,5,Graduation,Together,Wines,2
65,0,1626.5,593,27,Master,Married,Wines,0
67,1,397.0,548,15,Master,Together,Wines,1
57,1,1089.5,158,26,Graduation,Together,Wines,0
48,2,423.5,1002,16,Graduation,Single,Wines,1
51,1,50.0,252,8,Basic,Married,FishProducts,2
63,1,1599.5,660,28,Master,Married,Wines,0
43,0,58.0,232,7,Graduation,Married,MeatProducts,2
50,1,170.0,437,9,PhD,Married,Wines,2
43,0,237.5,359,2,Master,Single,Wines,2
80,0,1196.0,384,17,PhD,Together,MeatProducts,0
46,1,101.0,156,8,Graduation,Married,SweetProducts,2
56,2,316.0,724,17,Graduation,Married,MeatProducts,1
63,1,1292.0,444,21,Graduation,Married,Wines,0
77,0,1256.5,495,27,Graduation,Single,Wines,0
47,1,799.0,840,20,Master,Married,MeatProducts,0
50,1,311.0,445,13,Graduation,Married,Wines,2
43,0,1085.5,488,17,Graduation,Together,MeatProducts,0
42,0,129.0,230,8,Master,Married,Wines,2
73,1,32.0,416,5,Graduation,Widow,Wines,1
43,1,299.0,850,14,Graduation,Single,Wines,2
63,1,320.0,191,13,Graduation,Together,Wines,1
48,1,441.0,745,16,Master,Married,Wines,2
76,2,1178.0,1061,23,Master,Married,Wines,0
35,0,85.0,658,6,Graduation,Married,Wines,2
43,1,24.0,626,4,Basic,Single,SweetProducts,2
50,1,112.0,654,8,Graduation,Single,MeatProducts,2
66,1,30.0,430,5,2n Cycle,Married,Fruits,1
42,0,410.0,534,16,PhD,Married,Wines,2
49,1,800.0,462,24,Graduation,Together,Wines,0
63,0,1313.0,641,20,PhD,Divorced,Wines,0
69,0,1466.0,616,23,PhD,Together,Wines,0
32,0,1183.0,411,17,Graduation,Single,MeatProducts,0
38,1,28.0,847,4,Graduation,Together,MeatProducts,2
60,1,227.0,313,11,Graduation,Married,Wines,1
43,0,1551.5,816,20,Graduation,Married,Wines,0
63,1,730.5,629,23,Graduation,Single,Wines,0
47,1,103.0,593,8,Graduation,Married,MeatProducts,2
79,0,634.0,222,19,PhD,Single,MeatProducts,0
62,0,1369.5,342,19,Graduation,Single,Wines,0
54,2,131.0,605,10,Master,Single,Wines,1
57,2,586.0,801,22,Graduation,Together,Wines,1
33,1,62.0,378,7,Basic,Married,MeatProducts,2
51,2,447.0,555,20,Graduation,Divorced,MeatProducts,1
75,0,912.0,858,27,2n Cycle,Together,Wines,0
48,1,797.0,499,15,2n Cycle,Divorced,Wines,0
67,1,1041.5,971,16,Master,Single,Wines,0
49,1,415.0,513,17,Graduation,Single,Wines,2
52,1,30.0,376,5,Graduation,Married,MeatProducts,2
57,1,187.0,345,12,Master,Divorced,Wines,1
67,1,251.0,207,11,Graduation,Married,Wines,1
50,1,237.0,221,12,Graduation,Single,Wines,2
65,2,91.0,346,8,2n Cycle,Together,Wines,1
60,3,35.0,549,6,Master,Single,Wines,1
65,1,493.0,970,22,PhD,Divorced,Wines,0
56,1,971.0,643,28,PhD,Married,Wines,0
65,1,371.0,1028,17,Graduation,Single,Wines,0
50,3,396.0,341,20,Graduation,Single,Wines,1
40,1,68.0,473,7,Graduation,Married,MeatProducts,2
54,1,322.0,529,15,Master,Together,Wines,1
55,1,317.0,701,14,Master,Together,Wines,2
70,1,222.0,215,10,Master,Divorced,Wines,1
69,2,177.0,639,12,2n Cycle,Together,Wines,1
67,2,45.0,1002,5,Graduation,Together,Wines,1
61,2,21.0,5,4,2n Cycle,Single,MeatProducts,1
52,1,45.0,909,6,Graduation,Married,Wines,2
77,0,1761.0,325,20,Graduation,Married,Wines,0
53,1,42.0,306,5,PhD,Together,Wines,2
49,2,22.0,473,6,2n Cycle,Together,Wines,1
45,2,41.0,720,5,Graduation,Together,Wines,2
46,0,1428.0,304,21,Graduation,Together,Wines,0
53,2,325.0,391,17,Master,Married,Wines,1
52,1,95.0,636,10,Graduation,Together,MeatProducts,2
53,1,42.0,306,5,PhD,Together,Wines,2
50,2,72.0,816,6,2n Cycle,Single,FishProducts,2
53,1,20.0,205,7,PhD,Married,Wines,2
69,2,789.0,494,23,Master,Married,Wines,1
51,2,15.0,198,4,Graduation,Divorced,Wines,1
53,1,59.0,157,8,Graduation,Divorced,Wines,2
57,1,903.5,594,22,Master,Divorced,Wines,0
56,2,417.0,785,14,PhD,Married,Wines,1
64,2,289.0,833,15,Graduation,Married,Wines,1
53,1,769.0,252,21,Graduation,Married,Wines,0
72,1,188.0,229,10,Graduation,Married,Wines,1
68,1,354.0,845,14,Graduation,Single,Wines,1
55,1,727.0,726,26,Master,Married,Wines,0
58,2,146.0,881,11,PhD,Married,Wines,1
74,1,319.0,397,16,Master,Together,Wines,1
72,1,784.5,354,22,Master,Married,Wines,0
75,1,454.0,849,18,Graduation,Married,Wines,0
72,2,152.0,910,11,PhD,Divorced,Wines,1
48,1,797.0,799,22,PhD,Married,Wines,0
53,1,1690.0,565,16,Graduation,Married,Wines,0
56,2,20.0,291,4,Master,Married,MeatProducts,1
81,0,1294.5,318,21,Graduation,Married,MeatProducts,0
35,1,209.0,661,11,Graduation,Single,Wines,2
46,1,545.0,426,19,Graduation,Single,Wines,0
59,0,96.0,689,6,Basic,Together,Fruits,2
77,0,222.0,286,10,Graduation,Together,Wines,1
53,3,61.0,265,7,Graduation,Married,Wines,1
52,2,44.0,312,9,Graduation,Married,Wines,1
53,3,8.0,32,4,PhD,Together,Wines,1
53,0,606.5,419,23,2n Cycle,Single,Wines,0
59,1,1371.0,755,23,Graduation,Single,Wines,0
56,1,42.0,293,5,PhD,Together,Wines,2
66,0,60.0,708,5,Graduation,Married,FishProducts,2
55,1,78.0,610,9,Graduation,Married,MeatProducts,2
51,1,23.0,602,4,PhD,Married,Wines,2
53,1,19.0,446,4,PhD,Married,Wines,2
67,2,61.0,251,7,2n Cycle,Single,MeatProducts,1
53,0,388.5,612,14,Graduation,Single,FishProducts,2
42,1,37.0,581,5,Master,Married,MeatProducts,2
52,1,38.0,296,5,2n Cycle,Divorced,FishProducts,2
40,0,1065.0,352,23,Graduation,Married,Wines,0
52,2,34.0,348,7,Graduation,Single,MeatProducts,1
58,2,294.0,402,17,Graduation,Divorced,Wines,1
46,2,48.0,610,6,2n Cycle,Married,Wines,2
64,2,289.0,833,15,Graduation,Married,Wines,1
39,0,30.0,680,4,2n Cycle,Together,Wines,2
61,0,125.0,227,7,Graduation,Married,Fruits,2
42,1,156.0,660,9,Graduation,Married,MeatProducts,2
73,2,70.0,506,9,Graduation,Together,Wines,1
76,2,22.0,441,4,Master,Married,Wines,1
46,1,65.0,1002,9,Graduation,Together,MeatProducts,2
77,0,1820.0,773,23,Master,Widow,Wines,0
79,0,1930.5,435,23,Graduation,Together,Wines,0
67,0,310.0,417,13,Graduation,Married,MeatProducts,2
54,0,1240.0,720,18,2n Cycle,Married,MeatProducts,0
68,1,879.0,1059,26,Graduation,Married,Wines,0
43,0,1240.5,407,17,PhD,Together,Wines,0
52,1,690.0,258,17,2n Cycle,Together,Wines,0
53,1,209.0,657,12,Graduation,Together,MeatProducts,2
60,0,1047.0,91,17,Graduation,Married,MeatProducts,0
72,0,1441.0,388,22,Graduation,Single,Wines,0
58,1,57.0,432,6,PhD,Single,Wines,2
60,0,529.0,830,17,PhD,Together,MeatProducts,0
56,0,1091.0,164,16,Graduation,Together,Wines,0
54,1,180.0,784,11,Graduation,Divorced,Wines,2
53,2,77.0,370,10,Graduation,Together,MeatProducts,1
55,0,2064.0,4,25,Graduation,Single,Wines,0
51,0,534.0,813,18,PhD,Married,Wines,0
75,1,556.0,314,21,Master,Widow,Wines,1
66,1,637.0,474,24,Graduation,Together,Wines,0
70,2,46.0,237,5,PhD,Together,Wines,1
47,1,44.0,171,9,Graduation,Together,Fruits,2
39,1,47.0,486,5,Master,Married,Wines,2
62,1,725.5,534,21,Master,Divorced,Wines,0
72,1,586.0,661,21,Graduation,Married,Wines,0
73,0,1509.5,366,20,Graduation,Together,Wines,0
75,2,13.0,126,4,PhD,Married,Wines,1
55,1,1468.0,689,25,Graduation,Together,Wines,0
55,2,65.0,350,8,2n Cycle,Married,FishProducts,1
48,1,175.0,669,12,Graduation,Married,Wines,2
59,1,40.0,588,5,Graduation,Single,Wines,2
56,2,993.0,1062,18,PhD,Married,MeatProducts,0
67,1,1088.5,750,21,Graduation,Married,Wines,0
71,1,134.0,369,9,Graduation,Together,Wines,1
69,0,1289.5,743,23,Master,Single,Wines,0
55,1,87.0,663,7,PhD,Married,Wines,2
38,0,217.0,404,10,Master,Single,Wines,2
64,1,1034.0,316,27,PhD,Married,Wines,0
46,1,905.0,701,30,Graduation,Single,MeatProducts,0
65,1,819.0,827,23,Graduation,Together,Wines,0
44,1,32.0,416,5,2n Cycle,Together,MeatProducts,2
45,1,46.0,471,6,Graduation,Married,FishProducts,2
49,1,953.5,1032,18,2n Cycle,Together,Wines,0
49,1,860.0,643,25,Master,Single,Wines,0
55,0,1454.0,167,15,Master,Together,Wines,0
79,3,444.0,61,21,PhD,Together,Wines,1
70,1,1678.0,400,29,Graduation,Married,Wines,0
53,1,380.0,421,18,Master,Together,MeatProducts,2
54,2,736.0,530,26,PhD,Married,MeatProducts,0
75,2,269.0,684,15,PhD,Divorced,Wines,1
37,0,2073.0,497,28,Graduation,Together,Wines,0
47,1,612.0,695,24,Graduation,Together,Wines,0
35,1,75.0,389,8,Graduation,Married,MeatProducts,2
66,0,871.5,314,26,Graduation,Married,MeatProducts,0
48,1,55.0,693,6,Graduation,Divorced,Wines,2
56,1,1064.0,842,21,PhD,Together,Wines,0
66,1,1426.0,753,25,Graduation,Together,Wines,0
37,0,1358.0,692,30,Graduation,Married,Wines,0
50,2,436.0,399,18,Master,Together,Wines,1
52,1,38.0,296,5,2n Cycle,Divorced,FishProducts,2
48,1,436.0,841,20,Graduation,Married,Wines,0
52,2,747.0,939,25,Master,Married,Wines,0
70,0,1396.0,838,22,PhD,Single,Wines,0
51,0,928.0,261,14,Master,Married,Wines,0
53,2,614.0,455,23,Master,Married,Wines,1
50,1,878.5,878,30,2n Cycle,Together,Wines,0
54,0,756.0,407,24,PhD,Married,Wines,0
67,1,907.0,487,27,Graduation,Together,Wines,0
37,0,1086.0,307,18,Graduation,Married,Wines,0
50,2,120.0,840,11,Master,Single,Wines,1
60,1,1602.0,741,26,Graduation,Married,Wines,0
39,0,1301.5,223,22,Graduation,Married,MeatProducts,0
48,0,73.0,585,7,2n Cycle,Together,SweetProducts,2
45,1,275.0,33,12,Graduation,Single,MeatProducts,2
63,1,854.0,738,26,Graduation,Married,Wines,0
47,1,78.0,453,7,Graduation,Married,Wines,2
53,1,106.0,442,7,Master,Married,Wines,2
55,1,106.0,755,7,Graduation,Single,MeatProducts,2
42,0,1725.0,640,19,PhD,Single,Wines,0
54,0,1206.0,559,22,Graduation,Together,MeatProducts,0
49,1,84.0,157,7,Graduation,Single,Wines,2
52,1,48.0,184,7,PhD,Married,Wines,2
52,1,5.0,602,0,Graduation,Single,Wines,2
49,2,733.0,746,26,Graduation,Married,Wines,0
77,0,1048.5,216,17,PhD,Widow,MeatProducts,0
67,2,112.0,754,9,Graduation,Together,Wines,1
38,0,1559.0,285,15,PhD,Single,Wines,0
65,1,55.0,622,7,Graduation,Together,Fruits,2
50,1,1513.0,754,26,2n Cycle,Married,Wines,0
67,2,271.0,570,17,2n Cycle,Together,Wines,1
50,1,904.0,175,27,PhD,Married,Wines,0
50,2,120.0,840,11,Master,Single,Wines,1
37,1,103.0,971,8,2n Cycle,Married,Fruits,2
37,1,269.0,940,17,2n Cycle,Single,Wines,2
36,1,22.0,351,5,Graduation,Single,Wines,2
66,0,1155.0,512,16,PhD,Widow,MeatProducts,0
54,1,1086.0,781,19,PhD,Married,Wines,0
58,1,1128.0,370,28,Master,Single,MeatProducts,0
36,1,72.0,253,9,Graduation,Together,Wines,2
64,2,964.0,490,27,Master,Together,Wines,0
47,0,1125.5,737,20,Graduation,Married,MeatProducts,0
72,3,18.0,559,4,PhD,Single,Wines,1
61,1,793.0,827,24,Graduation,Divorced,Wines,0
39,1,100.0,692,7,Master,Together,Wines,2
38,0,80.0,665,6,2n Cycle,Married,FishProducts,2
62,0,167.0,816,8,Graduation,Single,Wines,2
68,1,677.0,685,20,Graduation,Widow,Wines,0
50,2,23.0,617,4,2n Cycle,Married,Wines,1
74,1,92.0,361,7,Master,Divorced,Wines,1
60,0,641.0,125,16,2n Cycle,Married,MeatProducts,0
69,1,987.0,1031,17,Graduation,Married,Wines,0
63,0,959.5,197,14,Graduation,Together,MeatProducts,0
51,1,1174.0,728,32,Graduation,Married,Wines,0
58,2,25.0,447,6,Master,Married,Wines,1
63,2,240.0,769,16,Master,Together,Wines,1
49,1,20.0,540,4,Graduation,Divorced,FishProducts,2
64,3,102.0,682,11,Graduation,Divorced,Wines,1
49,1,1020.5,503,26,PhD,Divorced,Wines,0
42,1,156.0,660,9,Graduation,Married,MeatProducts,2
49,2,458.0,604,21,Master,Married,Wines,1
37,1,17.0,1060,4,Graduation,Married,Wines,2
71,1,669.5,171,21,Graduation,Divorced,MeatProducts,0
40,1,92.0,173,8,Graduation,Married,Wines,2
73,1,407.0,686,16,Graduation,Single,Wines,1
61,1,1269.0,1028,23,Master,Single,Wines,0
71,1,819.5,235,23,Graduation,Together,Wines,0
75,2,633.0,800,23,PhD,Married,Wines,1
68,3,1019.0,619,20,PhD,Married,Wines,1
79,0,1315.0,742,26,PhD,Single,Wines,0
71,2,54.0,1000,8,Graduation,Married,Wines,1
34,0,2064.0,296,18,Master,Single,Wines,0
39,1,52.0,404,5,Master,Married,MeatProducts,2
48,1,436.0,841,20,Graduation,Married,Wines,0
65,1,268.0,617,15,PhD,Together,Wines,1
43,2,147.0,258,8,Graduation,Together,MeatProducts,2
78,0,1771.0,222,18,PhD,Together,Wines,0
33,0,137.0,533,8,Graduation,Married,MeatProducts,2
49,1,507.0,682,17,Master,Single,Wines,2
69,3,15.0,317,4,Graduation,Together,Wines,1
78,0,1022.0,389,17,Master,Together,MeatProducts,0
75,0,957.0,662,15,Graduation,Divorced,MeatProducts,0
59,1,66.0,227,8,Master,Together,Wines,1
38,0,778.0,284,27,Graduation,Divorced,MeatProducts,0
52,2,49.0,201,6,PhD,Divorced,Wines,1
73,2,169.0,839,12,Master,Together,MeatProducts,1
60,0,299.0,162,12,Graduation,Married,MeatProducts,2
45,1,221.0,428,16,Graduation,Married,Wines,2
38,0,1534.0,347,25,Graduation,Married,Wines,0
63,1,155.0,907,10,PhD,Together,Wines,1
70,0,799.0,660,13,Graduation,Married,MeatProducts,0
37,1,58.0,827,5,Basic,Together,SweetProducts,2
60,1,311.0,467,15,Master,Together,Wines,1
58,1,95.0,216,7,PhD,Single,Wines,1
52,1,424.0,779,19,PhD,Single,Wines,0
65,2,47.0,294,12,Master,Together,MeatProducts,1
41,1,339.0,417,15,Graduation,Single,Wines,2
54,1,1364.5,799,21,Graduation,Married,Wines,0
50,1,35.0,225,6,PhD,Married,Wines,2
60,1,562.0,527,20,Master,Married,Wines,0
69,0,2029.5,801,24,Master,Married,Wines,0
70,0,1334.0,699,20,Master,Divorced,Wines,0
65,2,32.0,463,6,Graduation,Together,Wines,1
64,2,41.0,306,7,Graduation,Married,MeatProducts,1
62,2,39.0,497,5,PhD,Married,Wines,1
48,1,1110.0,689,25,Graduation,Married,Wines,0
35,1,710.0,616,24,2n Cycle,Single,Wines,0
52,1,401.0,94,19,Master,Married,Wines,1
61,1,506.0,32,17,PhD,Married,Wines,1
37,0,1225.0,789,21,Graduation,Single,MeatProducts,0
47,0,57.0,968,6,2n Cycle,Married,MeatProducts,2
35,0,1599.0,476,19,Graduation,Single,Wines,0
50,1,270.0,454,15,Graduation,Single,MeatProducts,2
48,2,31.0,342,6,Graduation,Married,Wines,1
41,1,799.5,575,24,Graduation,Married,Wines,0
42,1,16.0,405,4,Graduation,Together,Wines,2
38,1,311.0,202,14,Graduation,Single,Wines,2
60,1,227.0,313,11,Graduation,Married,Wines,1
69,1,1079.5,847,30,Master,Married,Wines,0
60,1,122.0,473,8,PhD,Together,Wines,1
54,1,77.0,370,9,Graduation,Married,MeatProducts,2
43,0,1159.5,802,19,2n Cycle,Together,MeatProducts,0
66,2,561.0,689,21,Graduation,Single,Wines,1
62,2,211.0,682,13,Graduation,Together,Wines,1
73,1,233.0,278,12,PhD,Married,Wines,1
54,1,1061.0,849,21,PhD,Widow,Wines,0
62,0,549.0,629,17,PhD,Divorced,MeatProducts,0
43,1,54.0,287,10,Graduation,Together,MeatProducts,2
49,1,78.0,407,7,2n Cycle,Together,MeatProducts,2
78,1,1063.0,462,26,PhD,Together,MeatProducts,0
56,1,244.0,411,13,PhD,Together,Wines,1
66,2,116.0,257,9,PhD,Married,Wines,1
47,1,15.0,535,4,Graduation,Together,MeatProducts,2
77,2,425.0,483,16,PhD,Together,Wines,1
70,1,734.0,367,26,PhD,Married,Wines,0
71,1,638.0,537,19,Graduation,Divorced,Wines,0
80,0,894.0,664,22,Graduation,Married,MeatProducts,0
56,2,41.0,170,7,Graduation,Married,Wines,1
49,1,31.0,527,5,Master,Together,Wines,2
56,2,34.0,258,5,Master,Together,MeatProducts,1
61,2,1427.5,439,18,PhD,Divorced,Wines,0
44,2,612.0,770,23,Graduation,Together,Wines,0
46,1,29.0,420,5,Basic,Together,FishProducts,2
44,1,685.5,304,21,2n Cycle,Together,Wines,0
65,0,20.0,427,4,Master,Divorced,Wines,2
51,1,396.0,359,16,Master,Married,Wines,2
44,0,813.0,173,21,Graduation,Single,Wines,0
58,0,1076.5,567,20,Graduation,Divorced,MeatProducts,0
75,2,138.0,154,10,PhD,Widow,Wines,1
43,1,55.0,283,9,Graduation,Married,FishProducts,2
64,0,1429.0,838,22,Graduation,Single,Wines,0
62,2,117.0,880,9,Graduation,Widow,Wines,1
48,0,561.0,586,10,Graduation,Together,MeatProducts,2
78,1,32.0,502,6,PhD,Widow,Wines,1
47,1,67.0,125,6,Master,Single,Wines,2
71,1,335.0,557,15,Master,Together,Wines,1
71,1,825.0,307,22,PhD,Married,Wines,0
53,1,686.5,500,23,2n Cycle,Together,Wines,0
44,0,1778.5,166,17,Graduation,Single,Wines,0
67,2,496.0,669,21,PhD,Single,Wines,1
57,2,231.0,570,13,Graduation,Together,MeatProducts,1
49,1,902.0,191,24,Graduation,Divorced,Wines,0
59,2,68.0,66,9,Graduation,Single,Wines,1
36,0,71.0,392,6,PhD,Single,Wines,2
40,1,76.0,535,6,2n Cycle,Single,Wines,2
58,2,772.0,473,22,PhD,Married,Wines,1
66,2,47.0,342,9,PhD,Married,Wines,1
55,1,1560.0,382,25,PhD,Married,Wines,0
58,1,1529.0,652,34,PhD,Married,Wines,0
40,0,265.0,494,13,PhD,Single,Wines,2
74,0,1250.0,576,18,Graduation,Together,MeatProducts,0
39,0,1953.0,400,22,Master,Married,Wines,0
70,0,981.0,640,21,2n Cycle,Married,Wines,0
55,1,1470.0,744,34,Graduation,Married,Wines,0
34,0,82.0,738,7,2n Cycle,Together,FishProducts,2
50,1,244.0,621,14,Graduation,Married,MeatProducts,2
46,1,36.0,527,5,Basic,Single,FishProducts,2
49,1,404.0,369,16,PhD,Married,Wines,2
45,1,71.0,317,6,Graduation,Married,MeatProducts,2
47,0,1515.0,483,23,Graduation,Together,Wines,0
54,2,122.0,323,11,Graduation,Together,Wines,1
70,2,41.0,1000,10,PhD,Married,Wines,1
42,1,10.0,244,4,PhD,Married,Wines,2
73,1,304.0,407,13,Graduation,Married,Wines,1
56,2,37.0,256,5,Graduation,Married,Wines,1
45,0,1458.0,850,16,Master,Divorced,Wines,0
57,1,815.0,501,25,Graduation,Together,Wines,0
54,1,1001.0,614,27,Graduation,Single,Wines,0
36,0,1131.5,505,22,Graduation,Single,Wines,0
74,1,688.0,505,21,Graduation,Single,Wines,0
38,0,1319.0,547,19,Master,Divorced,Wines,0
40,1,21.0,655,4,PhD,Married,Wines,2
44,1,31.0,831,4,2n Cycle,Single,FishProducts,2
35,0,67.0,705,6,Graduation,Married,MeatProducts,2
73,1,658.0,562,21,Graduation,Divorced,Wines,0
54,2,25.0,808,4,2n Cycle,Together,Wines,1
42,0,746.0,647,11,PhD,Married,Wines,2
68,2,32.0,805,5,PhD,Divorced,Wines,1
74,2,1521.5,217,25,Master,Widow,Wines,0
49,1,981.5,827,28,Graduation,Married,Wines,0
70,2,72.0,251,9,Master,Married,Wines,1
36,1,57.0,381,10,Graduation,Single,MeatProducts,2
52,1,660.0,260,25,PhD,Together,Wines,0
52,1,103.0,1030,11,Basic,Together,Fruits,2
41,1,153.0,439,11,PhD,Married,Wines,2
69,1,1220.0,807,32,Master,Together,Wines,0
60,1,279.0,842,13,Graduation,Together,Wines,2
47,1,670.5,308,20,Graduation,Married,Wines,0
52,1,264.0,337,12,PhD,Married,Wines,2
39,0,1878.0,172,22,Graduation,Married,Wines,0
66,1,1519.0,465,23,Master,Married,Wines,0
47,1,69.0,458,6,Graduation,Together,Wines,2
59,0,1130.5,786,26,Graduation,Married,MeatProducts,0
33,1,64.0,191,8,Basic,Single,FishProducts,2
41,1,436.5,753,18,Graduation,Together,MeatProducts,2
69,1,1067.0,565,17,Graduation,Single,Wines,0
48,2,31.0,123,7,Graduation,Married,MeatProducts,1
51,2,211.0,576,14,Graduation,Together,Wines,1
49,1,877.0,741,25,PhD,Married,Wines,0
46,1,11.0,692,4,Graduation,Married,FishProducts,2
42,0,1655.0,700,25,PhD,Married,Wines,0
34,0,1646.0,357,19,Graduation,Single,Wines,0
63,0,1670.0,305,24,PhD,Widow,Wines,0
43,1,324.0,312,17,PhD,Single,Wines,2
46,1,69.0,232,9,Master,Single,MeatProducts,2
70,2,252.0,768,16,Graduation,Together,Wines,1
60,1,54.0,523,5,Basic,Single,MeatProducts,2
64,2,964.0,490,27,Master,Together,Wines,0
74,1,1088.0,657,28,Graduation,Married,Wines,0
61,2,68.0,258,7,PhD,Together,Wines,1
66,0,60.0,708,5,Graduation,Married,FishProducts,2
70,2,55.0,588,5,Graduation,Divorced,Wines,1
59,0,1364.0,3,21,Graduation,Together,MeatProducts,0
67,1,510.0,549,18,2n Cycle,Single,Wines,0
71,1,1471.5,656,26,Graduation,Divorced,Wines,0
58,2,564.0,226,19,Graduation,Single,Wines,1
62,0,1125.0,375,23,Graduation,Married,Wines,0
66,1,358.0,196,17,Graduation,Married,Wines,1
54,1,42.0,389,5,PhD,Married,Wines,2
61,1,184.0,226,10,Graduation,Together,Wines,1
42,1,460.0,597,19,Graduation,Together,Wines,2
80,0,145.0,192,8,PhD,Single,Wines,1
78,0,1116.5,689,25,Graduation,Together,MeatProducts,0
56,1,792.0,685,23,PhD,Divorced,Wines,0
73,0,1157.0,771,22,Graduation,Married,MeatProducts,0
78,0,28.0,746,4,Basic,Together,FishProducts,2
79,0,1018.5,434,24,Master,Married,Wines,0
56,1,848.5,556,23,Graduation,Divorced,Wines,0
76,0,1958.0,643,15,PhD,Married,Wines,0
64,1,1101.0,781,19,PhD,Together,Wines,0
51,1,369.0,727,16,Graduation,Married,MeatProducts,2
45,1,48.0,282,5,2n Cycle,Single,FishProducts,2
76,1,467.0,369,19,PhD,Widow,Wines,1
54,2,44.0,711,8,Graduation,Widow,Wines,1
46,2,38.0,629,10,Basic,Single,Fruits,2
57,2,81.0,543,9,Graduation,Married,Wines,1
54,1,167.0,607,10,Master,Single,Wines,2
70,2,45.0,62,7,PhD,Married,Wines,1
53,1,580.0,559,21,Graduation,Married,MeatProducts,0
61,1,596.0,423,20,2n Cycle,Married,Wines,0
46,1,48.0,429,7,2n Cycle,Divorced,Wines,2
50,1,461.0,409,16,Graduation,Together,Wines,2
48,1,1073.0,473,26,Graduation,Married,Wines,0
39,1,55.0,515,8,2n Cycle,Married,FishProducts,2
69,1,976.0,620,26,Graduation,Married,Wines,0
45,1,20.0,173,5,PhD,Single,Wines,2
43,0,1085.5,488,17,Graduation,Together,MeatProducts,0
64,0,43.0,174,6,Basic,Married,SweetProducts,2
50,1,224.0,412,10,Master,Married,Wines,2
51,1,101.0,809,9,PhD,Divorced,Wines,2
79,0,209.0,597,10,PhD,Married,Wines,1
40,0,968.0,940,21,Graduation,Single,MeatProducts,0
73,0,1117.5,487,17,PhD,Together,MeatProducts,0
58,1,24.0,263,5,Graduation,Married,Wines,2
70,2,252.0,768,16,Graduation,Together,Wines,1
40,1,165.0,829,12,Graduation,Single,MeatProducts,2
48,0,269.0,784,13,PhD,Married,Wines,2
52,1,102.0,546,7,PhD,Together,Wines,2
41,0,435.5,697,19,2n Cycle,Married,FishProducts,2
46,1,47.0,719,7,Basic,Single,FishProducts,2
49,2,144.0,292,10,PhD,Single,Wines,1
57,0,1281.0,783,24,Graduation,Married,Wines,0
66,1,917.0,373,25,Graduation,Together,Wines,0
54,2,318.0,704,17,Graduation,Together,Wines,1
58,2,253.0,1000,14,Graduation,Single,Wines,1
52,1,502.0,806,20,Graduation,Married,Wines,0
42,1,119.0,450,7,Graduation,Together,Wines,2
46,2,1077.0,830,22,2n Cycle,Together,Wines,0
46,1,935.0,663,24,Graduation,Together,Wines,0
75,2,76.0,577,9,Graduation,Together,Wines,1
62,2,62.0,2,7,PhD,Single,Wines,1
63,0,1351.5,478,26,2n Cycle,Together,Wines,0
49,1,84.0,157,7,Graduation,Single,Wines,2
73,2,255.0,511,14,Graduation,Together,Wines,1
65,2,43.0,540,5,Master,Married,Wines,1
70,1,398.0,636,14,Graduation,Single,Wines,1
48,1,76.0,234,8,Master,Single,MeatProducts,2
61,2,902.0,183,15,Graduation,Together,Wines,1
44,1,685.5,304,21,2n Cycle,Together,Wines,0
49,1,1055.0,162,26,Graduation,Together,Wines,0
51,1,1823.5,783,29,Graduation,Together,Wines,0
74,2,185.0,587,10,Master,Together,Wines,1
59,2,433.0,626,20,Graduation,Single,Wines,1
74,2,34.0,66,6,Graduation,Married,Wines,1
67,1,907.0,487,27,Graduation,Together,Wines,0
59,2,251.5,512,14,PhD,Single,Wines,1
61,2,44.0,609,10,Graduation,Single,Wines,1
69,0,1059.5,222,17,Graduation,Married,MeatProducts,0
51,0,1762.0,939,17,PhD,Single,Wines,0
59,2,40.0,970,6,Graduation,Together,Wines,1
62,1,1143.0,750,21,PhD,Single,Wines,0
56,0,914.0,161,14,Master,Married,Wines,0
33,0,1317.0,685,12,Graduation,Together,MeatProducts,0
71,1,1228.0,660,20,Graduation,Divorced,Wines,0
42,1,27.0,503,5,PhD,Together,Wines,2
43,1,763.0,434,22,2n Cycle,Together,Wines,0
74,0,1246.5,505,22,Graduation,Single,Wines,0
69,2,525.0,462,19,Graduation,Married,Wines,1
64,2,9.0,174,4,PhD,Together,Wines,1
63,1,953.0,155,16,Graduation,Together,MeatProducts,0
54,2,68.0,391,7,Master,Divorced,Wines,1
54,2,131.0,605,10,Master,Single,Wines,1
57,1,843.5,454,23,Graduation,Married,Wines,0
47,0,936.5,971,25,2n Cycle,Together,Wines,0
56,1,37.0,447,5,Graduation,Married,Wines,2
60,1,388.0,468,15,PhD,Widow,Wines,1
39,0,1152.0,659,16,Graduation,Together,MeatProducts,0
67,0,1442.0,562,23,Master,Married,Wines,0
50,1,173.0,563,10,Master,Together,FishProducts,2
38,1,99.0,483,9,Graduation,Single,Wines,2
66,1,215.0,631,12,Graduation,Together,Wines,1
63,1,929.0,657,29,PhD,Married,Wines,0
51,1,219.0,261,12,Graduation,Together,Wines,2
48,2,174.0,392,12,Graduation,Married,Wines,1
47,2,92.0,785,9,Graduation,Together,Wines,1
55,0,951.5,453,25,PhD,Married,MeatProducts,0
68,1,275.0,624,14,Graduation,Married,Wines,1
70,1,521.5,1003,16,2n Cycle,Married,Wines,0
71,1,1612.5,805,28,PhD,Divorced,Wines,0
43,1,159.0,399,11,PhD,Together,Wines,2
72,0,978.0,640,18,Master,Widow,MeatProducts,0
57,1,35.0,227,7,Master,Divorced,MeatProducts,2
68,0,1042.0,462,15,Master,Together,MeatProducts,0
60,2,395.0,512,19,Master,Together,Wines,1
50,0,557.0,727,23,PhD,Married,MeatProducts,0
62,2,9.0,166,6,PhD,Married,Wines,1
35,0,69.0,486,6,Graduation,Married,MeatProducts,2
59,1,486.0,35,18,PhD,Married,Wines,1
37,1,34.0,307,6,Graduation,Single,Fruits,2
30,0,1305.0,809,28,2n Cycle,Single,MeatProducts,0
50,1,13.0,566,4,Graduation,Together,MeatProducts,2
47,0,1058.0,768,21,PhD,Married,MeatProducts,0
64,0,1226.0,400,14,Graduation,Together,MeatProducts,0
41,0,1323.0,423,20,PhD,Single,Wines,0
54,1,1217.0,363,32,Master,Divorced,Wines,0
74,3,103.0,749,7,Master,Single,Wines,1
49,0,84.0,608,7,Master,Together,Wines,2
53,0,1489.0,679,23,PhD,Married,Wines,0
40,1,581.0,809,18,Graduation,Together,MeatProducts,2
59,1,928.0,878,14,PhD,Married,Wines,0
50,0,14.0,356,4,2n Cycle,Divorced,FishProducts,2
46,1,424.0,516,15,Graduation,Single,Wines,2
54,1,953.0,418,14,Graduation,Married,Wines,0
43,0,1551.5,816,20,Graduation,Married,Wines,0
52,2,656.0,879,24,Graduation,Widow,Wines,0
57,2,55.0,545,9,Master,Together,Wines,1
41,1,20.0,31,5,Graduation,Single,MeatProducts,2
54,1,367.0,1061,17,Master,Together,Wines,0
48,0,1903.0,64,22,2n Cycle,Together,Wines,0
58,1,42.0,337,7,PhD,Divorced,MeatProducts,2
61,1,904.5,365,26,Graduation,Divorced,Wines,0
53,2,48.0,234,7,Graduation,Single,Wines,1
77,1,685.0,673,25,PhD,Single,Wines,0
73,1,39.0,231,5,Graduation,Divorced,Wines,1
38,0,43.0,157,5,2n Cycle,Single,Fruits,2
66,0,729.5,842,21,Master,Widow,MeatProducts,0
67,0,1261.0,319,20,Graduation,Married,MeatProducts,0
74,1,1039.0,655,26,PhD,Together,Wines,0
50,1,1596.0,509,26,Graduation,Divorced,Wines,0
41,0,1740.0,782,18,PhD,Married,Wines,0
56,1,34.0,220,6,PhD,Married,Wines,1
57,1,149.0,232,10,PhD,Divorced,Wines,1
56,1,946.0,566,23,Master,Single,Wines,0
40,0,28.0,201,6,PhD,Single,MeatProducts,2
41,1,450.0,1000,17,Graduation,Single,Wines,2
68,2,46.0,321,5,PhD,Married,Wines,1
54,0,1402.0,513,16,PhD,Divorced,Wines,0
50,2,763.0,453,25,Graduation,Together,Wines,0
43,1,382.0,648,15,Graduation,Married,Wines,2
37,0,1786.0,827,20,PhD,Married,Wines,0
36,0,1900.5,304,20,Master,Together,Wines,0
40,1,72.0,678,7,Graduation,Married,Wines,2
57,1,732.0,275,26,Graduation,Divorced,Wines,0
51,0,739.5,194,11,Graduation,Single,Wines,2
76,1,236.0,412,12,Graduation,Divorced,Wines,1
47,1,80.0,818,5,Basic,Together,FishProducts,2
71,0,1685.0,250,15,PhD,Single,Wines,0
80,0,96.0,192,12,PhD,Single,SweetProducts,1
75,1,507.0,541,18,PhD,Together,Wines,1
61,2,68.0,651,7,PhD,Married,Wines,1
42,0,49.0,237,5,Graduation,Single,Wines,2
38,0,397.0,263,15,Master,Married,Wines,2
54,1,39.0,408,9,Graduation,Divorced,MeatProducts,2
57,1,306.0,315,14,Graduation,Married,Wines,1
71,0,958.5,396,14,Graduation,Married,Wines,0
54,1,1028.0,545,27,PhD,Married,Wines,0
39,1,70.0,218,7,Graduation,Together,Wines,2
66,0,46.0,627,5,Graduation,Married,Wines,2
45,1,51.0,436,5,Master,Married,Wines,2
65,0,1097.5,230,21,2n Cycle,Together,Wines,0
55,1,1452.5,786,22,Graduation,Single,Wines,0
54,0,1496.0,783,24,Master,Together,Wines,0
58,1,1808.5,836,18,Graduation,Married,Wines,0
62,1,1150.5,680,31,PhD,Widow,Wines,0
57,1,405.5,834,22,Graduation,Single,Wines,0
35,0,85.0,658,6,Graduation,Married,Wines,2
44,1,47.0,554,8,PhD,Single,Wines,2
49,0,137.0,654,8,Graduation,Single,Fruits,2
60,2,21.0,710,4,PhD,Together,Wines,1
48,1,70.0,167,6,2n Cycle,Single,Wines,2
53,1,634.5,321,22,2n Cycle,Married,Wines,0
69,0,1550.0,777,22,Graduation,Single,Wines,0
82,0,1726.5,695,26,Master,Single,Wines,0
66,2,1135.0,492,30,Graduation,Single,Wines,0
48,1,24.0,576,5,Master,Married,MeatProducts,2
56,1,1182.0,743,20,PhD,Married,Wines,0
55,0,1083.0,531,14,Graduation,Married,MeatProducts,0
68,0,1333.0,753,19,Graduation,Single,Wines,0
60,2,739.0,537,24,Master,Married,Wines,1
51,2,91.0,381,7,PhD,Married,Wines,1
78,1,414.0,434,15,PhD,Married,Wines,1
43,1,44.0,158,9,Master,Married,MeatProducts,2
57,2,63.0,336,8,Master,Married,MeatProducts,1
74,1,864.5,489,23,Graduation,Married,Wines,0
50,2,38.0,910,6,2n Cycle,Together,MeatProducts,2
69,1,455.0,429,20,PhD,Single,MeatProducts,0
76,1,775.0,747,24,PhD,Widow,Wines,0
66,1,15.0,258,4,Master,Married,Wines,1
52,1,38.0,462,6,Graduation,Married,FishProducts,2
41,0,1512.0,187,21,PhD,Married,Wines,0
75,1,43.0,691,5,Graduation,Together,Wines,1
48,1,42.0,881,5,Graduation,Single,Wines,2
41,0,899.0,225,23,Graduation,Married,Wines,0
49,1,162.0,813,9,Master,Married,Wines,2
74,0,1174.0,552,19,Graduation,Widow,MeatProducts,0
43,0,958.0,1029,20,Graduation,Married,MeatProducts,0
51,1,812.0,169,22,Master,Married,MeatProducts,0
57,2,74.0,615,9,Graduation,Single,MeatProducts,1
71,1,134.0,369,9,Graduation,Together,Wines,1
85,0,157.0,486,9,PhD,Single,Wines,1
49,1,561.0,444,18,Graduation,Married,Wines,0
74,0,1325.0,1,19,Graduation,Single,MeatProducts,0
49,0,1911.0,845,23,PhD,Together,Wines,0
61,0,463.0,378,16,PhD,Single,Wines,0
75,0,1130.0,276,17,PhD,Widow,Wines,0
49,1,20.0,323,5,Graduation,Together,Wines,2
69,1,377.0,775,18,Graduation,Single,Wines,0
35,0,1149.0,592,27,Graduation,Single,MeatProducts,0
75,2,138.0,154,10,PhD,Widow,Wines,1
60,1,914.0,639,26,Master,Married,Wines,0
63,0,1495.5,455,15,PhD,Widow,Wines,0
47,2,45.0,172,9,Graduation,Married,Wines,1
73,2,161.0,549,10,Graduation,Single,Wines,1
59,1,144.0,219,8,Graduation,Divorced,Wines,1
78,0,1354.5,469,26,Graduation,Together,MeatProducts,0
53,1,818.0,410,22,Graduation,Together,Wines,0
62,1,1130.5,281,28,Graduation,Together,Wines,0
76,0,1413.5,647,21,Graduation,Widow,MeatProducts,0
47,0,1371.0,317,21,Master,Together,Wines,0
59,1,982.0,660,16,Graduation,Divorced,Wines,0
42,1,44.0,256,5,Graduation,Single,Wines,2
54,2,318.0,704,17,Graduation,Together,Wines,1
50,1,434.0,520,16,Graduation,Married,Wines,2
54,2,198.0,513,12,2n Cycle,Married,Wines,1
56,1,164.5,575,12,Graduation,Married,Wines,2
62,0,473.5,1032,18,2n Cycle,Married,MeatProducts,0
57,2,88.0,442,11,PhD,Single,Wines,1
46,1,63.0,63,6,Graduation,Married,Wines,2
41,1,27.0,938,4,Master,Single,MeatProducts,2
41,1,193.0,647,11,Graduation,Married,MeatProducts,2
51,1,101.0,809,9,PhD,Divorced,Wines,2
74,0,1829.5,4,21,Graduation,Married,Wines,0
63,1,140.0,426,8,Master,Married,Wines,1
50,2,415.0,369,20,Graduation,Single,Wines,1
68,1,22.0,712,4,Graduation,Together,Wines,1
47,2,263.0,552,16,Graduation,Married,Wines,1
34,0,393.0,532,12,Graduation,Married,MeatProducts,2
39,1,147.0,411,10,Graduation,Married,MeatProducts,2
69,1,443.0,237,16,Graduation,Married,Wines,1
62,0,1897.5,355,19,PhD,Divorced,Wines,0
54,1,174.0,618,10,Master,Married,Wines,2
78,0,1976.0,415,27,Master,Single,Wines,0
67,1,1672.0,277,16,Graduation,Single,Wines,0
65,2,25.0,598,6,Graduation,Together,MeatProducts,1
45,0,789.0,197,21,2n Cycle,Married,Wines,0
50,0,836.5,829,16,Graduation,Married,Wines,0
50,1,484.0,711,18,PhD,Together,Wines,0
52,1,413.0,689,18,PhD,Married,Wines,0
45,1,331.0,308,12,2n Cycle,Single,Wines,2
55,1,25.0,490,5,Graduation,Single,MeatProducts,2
58,1,13.0,347,4,PhD,Divorced,MeatProducts,2
55,1,115.0,910,10,Graduation,Married,SweetProducts,2
59,0,16.0,0,4,Graduation,Single,Wines,2
53,2,92.0,444,9,Master,Single,Wines,1
48,1,52.0,513,7,Graduation,Married,Wines,2
55,1,1364.5,740,23,Graduation,Married,Wines,0
61,1,441.0,661,17,Graduation,Divorced,Wines,0
66,1,283.0,445,12,PhD,Divorced,Wines,1
59,1,747.0,306,23,PhD,Together,Wines,0
67,0,1434.5,565,17,Graduation,Divorced,Wines,0
39,1,165.0,660,11,Graduation,Single,Wines,2
48,0,1649.0,546,24,Graduation,Together,Wines,0
44,0,662.5,678,27,Basic,Married,Wines,0
67,0,1624.0,881,25,Graduation,Single,Wines,0
50,2,23.0,617,4,2n Cycle,Married,Wines,1
42,0,66.0,702,6,Graduation,Married,SweetProducts,2
58,2,37.0,600,8,Graduation,Together,MeatProducts,1
74,2,21.0,251,6,Graduation,Divorced,Wines,1
53,3,22.0,802,4,Graduation,Together,Wines,1
47,1,78.0,4,9,Graduation,Together,Wines,2
43,1,79.0,581,6,Master,Married,MeatProducts,2
69,2,265.0,319,17,Graduation,Married,Wines,1
73,1,1175.0,218,19,Master,Married,Wines,0
60,1,1227.5,658,28,PhD,Married,Wines,0
46,1,46.0,286,8,Master,Married,MeatProducts,2
60,2,25.0,368,4,Graduation,Together,Wines,1
72,0,46.0,415,5,Graduation,Divorced,Wines,2
76,1,874.0,880,26,Master,Together,Wines,0
40,1,100.0,1063,10,2n Cycle,Together,Fruits,2
78,1,930.0,429,25,PhD,Widow,Wines,0
70,1,851.5,375,23,Graduation,Married,MeatProducts,0
49,1,45.0,360,9,Graduation,Married,MeatProducts,2
50,1,1134.5,586,29,Graduation,Together,Wines,0
41,1,395.5,434,12,Graduation,Married,Wines,2
75,1,392.0,573,15,Graduation,Together,Wines,1
48,2,1108.0,970,29,Graduation,Married,Wines,0
74,1,630.0,699,22,Graduation,Single,Wines,0
41,1,79.0,618,6,Graduation,Married,MeatProducts,2
43,0,1511.5,491,24,Graduation,Together,Wines,0
34,0,669.5,669,18,Graduation,Single,Wines,0
55,3,1269.0,802,25,Graduation,Single,MeatProducts,0
44,1,44.0,372,7,Graduation,Married,MeatProducts,2
46,1,50.0,693,6,Master,Married,Wines,2
54,1,467.0,757,19,Graduation,Married,Wines,0
55,1,223.0,371,12,Graduation,Single,MeatProducts,2
66,1,158.0,91,9,Graduation,Married,Wines,1
52,0,1211.0,392,28,Graduation,Married,Wines,0
55,1,1405.5,841,14,Graduation,Single,Wines,0
78,0,1191.0,344,22,2n Cycle,Married,MeatProducts,0
74,2,43.0,459,5,Graduation,Married,Wines,1
50,2,527.0,440,21,Graduation,Single,Wines,1
66,1,932.0,167,15,Graduation,Widow,Wines,0
70,2,71.0,303,8,Master,Single,Wines,1
72,2,54.0,163,5,Graduation,Together,Wines,1
60,0,129.0,627,7,Graduation,Single,Wines,2
52,1,1537.0,909,27,Graduation,Divorced,Wines,0
49,1,1020.5,503,26,PhD,Divorced,Wines,0
75,1,1018.5,584,25,Graduation,Married,Wines,0
56,2,721.0,567,24,Master,Together,Wines,1
56,1,137.0,344,10,Graduation,Together,MeatProducts,2
44,1,47.0,554,8,PhD,Single,Wines,2
43,0,1240.5,407,17,PhD,Together,Wines,0
47,2,41.0,370,7,Graduation,Together,Wines,1
51,1,1174.0,728,32,Graduation,Married,Wines,0
74,1,923.0,553,15,Graduation,Widow,Wines,0
77,0,100.0,545,7,Graduation,Married,Wines,1
73,1,1660.0,768,17,PhD,Married,Wines,0
41,1,98.0,216,9,Graduation,Married,MeatProducts,2
46,1,48.0,413,5,Graduation,Together,Wines,2
76,1,519.0,577,19,Graduation,Together,Wines,0
69,1,618.0,346,20,Graduation,Married,Wines,0
56,1,37.0,447,5,Graduation,Married,Wines,2
38,0,651.0,431,20,PhD,Single,MeatProducts,0
42,0,1415.5,517,21,Graduation,Married,Wines,0
55,1,602.0,157,19,Graduation,Divorced,MeatProducts,0
48,1,26.0,578,5,Master,Married,Wines,2
65,0,102.0,254,7,Basic,Widow,FishProducts,2
54,2,97.0,643,10,Graduation,Married,Wines,1
71,1,207.0,531,11,Master,Together,Wines,1
52,1,176.0,832,9,Graduation,Married,MeatProducts,2
70,1,429.5,414,15,Graduation,Single,Wines,1
65,1,433.0,878,17,Graduation,Married,Wines,0
37,0,1358.0,692,30,Graduation,Married,Wines,0
82,0,1430.5,402,22,Master,Widow,Wines,0
56,1,1001.0,658,27,Graduation,Married,Wines,0
33,0,910.0,721,18,2n Cycle,Married,MeatProducts,0
66,1,1518.0,250,23,Graduation,Married,Wines,0
45,1,56.0,605,8,Graduation,Single,Wines,2
54,1,22.0,543,4,Master,Married,Wines,2
51,2,400.0,462,20,Master,Divorced,Wines,1
56,0,26.0,411,4,Basic,Together,FishProducts,2
49,1,350.0,304,13,Graduation,Together,MeatProducts,2
32,0,985.0,717,22,Graduation,Absurd,Wines,0
76,1,874.0,880,26,Master,Together,Wines,0
75,2,40.0,564,5,PhD,Married,Wines,1
50,0,1075.5,432,19,Graduation,Together,MeatProducts,0
69,2,264.0,557,15,Graduation,Single,Wines,1
49,1,1733.5,798,20,Master,Married,Wines,0
50,1,1376.0,737,10,Graduation,Married,Wines,0
49,2,45.0,261,5,Master,Married,Wines,1
76,1,976.0,198,27,PhD,Together,Wines,0
41,1,51.0,810,6,2n Cycle,Married,Wines,2
51,1,1264.0,290,20,PhD,Married,Wines,0
53,0,75.0,646,7,Basic,Married,FishProducts,2
39,1,57.0,768,7,Basic,Married,SweetProducts,2
63,1,140.0,426,8,Master,Married,Wines,1
55,1,497.0,721,19,Graduation,Divorced,MeatProducts,0
76,1,266.0,487,13,Master,Married,Wines,1
64,0,1594.0,810,21,Graduation,Single,Wines,0
70,2,615.0,668,23,Graduation,Widow,MeatProducts,1
44,0,1021.0,715,24,PhD,Together,Wines,0
72,2,22.0,204,6,Graduation,Together,MeatProducts,1
51,1,133.0,694,7,Master,Together,Wines,2
71,1,437.0,500,19,Master,Married,Wines,1
56,1,1013.0,603,26,Master,Together,Wines,0
44,1,57.0,467,7,2n Cycle,Married,FishProducts,2
73,1,1038.0,319,27,PhD,Together,Wines,0
63,0,1545.5,428,22,Master,Single,Wines,0
54,1,28.0,779,4,Graduation,Divorced,MeatProducts,2
49,1,123.0,727,9,Master,Together,MeatProducts,2
49,2,13.0,424,4,2n Cycle,Together,Wines,1
45,1,132.0,828,10,Graduation,Married,Wines,2
69,1,614.0,1003,23,2n Cycle,Married,Wines,0
68,2,66.0,169,7,Graduation,Together,Wines,1
53,0,1631.0,605,24,Graduation,Together,Wines,0
59,1,608.0,666,18,Graduation,Married,Wines,0
39,0,1728.0,616,18,PhD,Married,Wines,0
60,0,1282.0,1002,23,PhD,Together,Wines,0
51,3,8.0,635,4,Graduation,Together,Wines,1
49,1,43.0,593,5,Graduation,Divorced,Wines,2
49,0,1604.0,398,20,Master,Single,Wines,0
76,0,8.0,464,0,PhD,Married,Wines,2
45,1,103.0,844,8,Basic,Married,SweetProducts,2
68,0,1054.0,66,17,Master,Absurd,MeatProducts,0
60,1,395.0,185,15,Graduation,Married,Wines,1
56,2,258.0,664,15,Graduation,Widow,Wines,1
55,1,25.0,31,5,Graduation,Single,MeatProducts,2
71,1,185.0,337,10,Master,Divorced,Wines,1
59,2,180.0,911,11,Master,Divorced,Wines,1
51,1,22.0,310,5,Graduation,Divorced,MeatProducts,2
54,2,44.0,317,7,Graduation,Married,Wines,1
57,2,94.0,703,12,Graduation,Divorced,Wines,1
68,0,81.0,281,7,Graduation,Married,Fruits,2
52,1,798.0,323,27,Graduation,Single,Wines,0
68,0,1334.0,378,19,Graduation,Single,Wines,0
54,1,38.0,256,5,PhD,Together,Wines,2
65,3,61.0,257,11,Master,Together,Wines,1
52,2,300.0,547,16,PhD,Together,Wines,1
63,1,88.0,361,8,PhD,Married,Wines,1
67,2,54.0,356,7,Master,Married,Wines,1
53,0,1379.0,810,16,Graduation,Married,MeatProducts,0
49,1,68.0,312,11,Graduation,Married,FishProducts,2
56,2,258.0,664,15,Graduation,Widow,Wines,1
49,1,31.0,527,5,Master,Together,Wines,2
42,1,66.0,1,8,2n Cycle,Married,Wines,2
61,2,174.0,221,13,2n Cycle,Divorced,Wines,1
50,1,28.0,318,5,Master,Together,Wines,2
70,1,731.0,3,22,PhD,Married,Wines,0
60,1,274.0,315,12,Graduation,Single,Wines,1
61,1,1674.5,756,26,PhD,Married,Wines,0
45,1,312.0,247,13,Graduation,Together,Wines,2
68,1,414.0,697,20,Graduation,Together,Wines,0
76,0,1473.5,640,23,2n Cycle,Widow,Wines,0
33,1,29.0,404,6,Basic,Single,FishProducts,2
51,1,94.0,530,8,PhD,Single,Wines,2
71,1,1228.0,660,20,Graduation,Divorced,Wines,0
35,0,830.0,619,14,Master,Single,MeatProducts,2
41,0,1190.5,348,18,Graduation,Married,Wines,0
44,2,54.0,378,5,Graduation,Single,Wines,2
60,1,568.0,217,18,Graduation,Single,Wines,1
55,0,1196.5,526,27,2n Cycle,Divorced,Wines,0
50,1,715.5,323,23,Graduation,Together,Wines,0
74,1,1091.5,495,17,Graduation,Married,Wines,0
70,1,731.0,64,22,Graduation,Married,Wines,0
50,0,1957.0,400,19,PhD,Married,Wines,0
58,0,1656.5,714,17,Master,Divorced,Wines,0
52,1,424.0,779,19,PhD,YOLO,Wines,0
54,1,474.5,523,15,Graduation,Married,Wines,2
70,1,257.0,408,12,Graduation,Together,Wines,1
51,1,56.0,604,9,Graduation,Married,Wines,2
53,1,542.0,521,21,PhD,Married,Wines,0
61,0,125.0,227,7,Graduation,Married,Fruits,2
47,1,69.0,565,9,Basic,Single,SweetProducts,2
68,1,40.0,263,5,2n Cycle,Married,Wines,1
65,1,955.0,431,28,Graduation,Married,Wines,0
53,1,897.5,187,23,Master,Married,Wines,0
69,0,1373.0,31,24,PhD,Married,Wines,0
68,0,1054.0,66,17,Master,Together,MeatProducts,0
53,1,46.0,265,7,Basic,Married,MeatProducts,2
42,0,1490.5,649,25,Master,Single,Wines,0
54,2,59.0,653,5,Graduation,Divorced,Wines,1
78,0,17.0,1032,4,Graduation,Married,Wines,2
68,0,1430.5,908,25,2n Cycle,Married,Wines,0
68,1,1480.5,1063,22,Graduation,Married,Wines,0
73,2,35.0,624,10,Master,Single,MeatProducts,1
51,0,141.0,229,8,Graduation,Single,Wines,2
52,1,546.0,472,17,Graduation,Together,Wines,0
71,2,474.5,536,19,Graduation,Married,Wines,1
50,2,61.0,163,10,Graduation,Married,Wines,1
35,1,106.0,577,8,Basic,Single,FishProducts,2
56,1,704.0,743,26,Graduation,Single,MeatProducts,0
52,1,424.0,779,19,PhD,YOLO,Wines,0
47,1,806.0,673,23,Graduation,Married,Wines,0
35,0,85.0,658,6,Graduation,Married,Wines,2
57,2,199.0,782,15,Graduation,Single,Wines,1
45,1,1037.5,758,20,Graduation,Married,MeatProducts,0
71,2,54.0,258,10,Graduation,Together,Wines,1
62,1,43.0,877,5,Basic,Together,FishProducts,2
62,2,53.0,509,6,Graduation,Divorced,Wines,1
70,1,521.0,661,22,2n Cycle,Divorced,Wines,0
44,0,1319.0,218,18,Graduation,Together,MeatProducts,0
75,2,45.0,335,7,Master,Divorced,Wines,1
30,0,1360.0,726,19,2n Cycle,Single,Wines,0
49,1,32.0,494,1,Graduation,Married,Wines,2
71,2,16.0,716,4,Graduation,Together,MeatProducts,1
42,1,52.0,625,7,Graduation,Together,MeatProducts,2
77,0,1048.5,216,17,PhD,Widow,MeatProducts,0
47,1,15.0,535,4,Graduation,Together,MeatProducts,2
40,1,415.0,783,17,Master,Together,Wines,2
46,1,470.0,375,18,Graduation,Married,Wines,2
43,0,1438.0,608,21,Master,Single,Wines,0
46,1,53.0,519,11,2n Cycle,Together,MeatProducts,2
62,3,51.0,164,9,Master,Married,Wines,1
55,1,679.0,96,22,PhD,Single,Wines,0
57,2,586.0,801,22,Graduation,Together,Wines,1
46,2,653.0,622,24,Graduation,Married,Wines,0
63,1,468.0,643,19,Graduation,Single,Wines,0
47,0,628.0,728,1,2n Cycle,Together,MeatProducts,2
53,2,50.0,202,7,Graduation,Married,FishProducts,1
41,1,84.0,630,9,Graduation,Single,MeatProducts,2
55,0,1049.0,837,27,Master,Single,Wines,0
39,0,22.0,841,4,Graduation,Single,MeatProducts,2
48,1,62.0,668,11,Graduation,Together,MeatProducts,2
51,1,30.0,698,4,Graduation,Married,MeatProducts,2
58,1,1183.5,541,18,Graduation,Married,Wines,0
79,3,444.0,61,21,PhD,Together,Wines,1
44,0,1241.0,315,19,Graduation,Divorced,Wines,0
69,1,843.0,316,23,Master,Together,Wines,0
71,2,172.0,782,11,PhD,Married,Wines,1
